Recency,Frequency,Monetary,Cluster
326,2,0.0,2
2,7,4310.000000000001,0
75,4,1797.24,0
19,1,1757.5500000000002,0
310,1,334.40000000000003,2
36,11,1545.4100000000005,0
204,1,89.0,2
232,1,1079.3999999999999,2
214,1,459.4,2
23,3,2811.43,0
33,1,6207.67,0
2,2,1168.06,0
8,6,6245.529999999999,0
52,3,2662.06,0
287,1,189.89999999999998,2
3,13,5154.58,0
110,2,552.0,0
8,4,1313.1000000000001,0
291,3,320.68999999999994,2
4,1,168.89999999999998,0
51,4,3545.6899999999996,0
45,2,1887.96,0
72,3,1298.0400000000002,0
311,1,364.6,2
25,1,742.93,0
3,3,455.42,0
315,2,1628.12,2
130,1,4008.62,0
82,3,850.29,0
22,5,2720.56,0
5,6,1803.96,0
185,6,1839.3100000000002,2
29,3,566.16,0
338,2,401.9,2
16,6,2780.6600000000003,0
80,1,549.84,0
22,1,460.89,0
72,4,1582.6000000000001,0
64,2,1272.48,0
16,15,2998.28,0
36,2,2409.9000000000005,0
46,1,1635.6599999999999,0
119,4,1108.65,0
303,1,84.3,2
323,1,225.6,2
50,2,409.7,0
149,1,1710.3900000000003,2
22,3,3280.7500000000005,0
50,5,1708.1199999999997,0
33,9,2842.57,0
79,7,11056.93,0
301,3,681.0799999999999,2
75,3,1226.88,0
67,5,694.1500000000001,0
217,3,562.41,2
24,26,123725.45000000001,1
3,12,3578.8,0
113,1,668.58,0
64,1,600.3900000000001,0
16,5,806.2700000000001,0
96,3,803.5599999999998,0
1,9,1849.1100000000001,0
163,2,1760.9599999999996,2
78,1,777.1999999999999,0
195,1,582.73,2
12,5,708.37,0
26,12,7877.2,0
9,4,3750.4,0
43,1,256.4,0
36,18,6416.389999999999,0
43,5,5059.319999999999,0
1,7,13375.87,0
85,4,765.1899999999999,0
80,2,7829.890000000001,0
100,1,509.01000000000005,0
2,19,4896.66,0
14,2,2906.8500000000004,0
367,1,173.55,2
3,1,172.06,0
21,5,5005.46,0
22,1,133.4,0
58,1,1002.3100000000001,0
243,1,476.49,2
44,1,449.4500000000001,0
22,4,4067.2900000000004,0
156,2,197.88,2
11,6,8933.52,0
17,3,428.57,0
134,1,707.0899999999999,0
53,2,-5.684341886080802e-14,0
73,6,2466.8599999999997,0
44,4,3153.89,0
58,12,1917.78,0
71,2,947.4,0
94,2,826.88,0
2,4,1124.0099999999998,0
46,7,1303.63,0
10,8,1212.05,0
8,3,733.89,0
143,3,724.04,0
2,49,18740.92,3
31,13,6229.48,0
29,9,2848.2299999999996,0
17,30,7116.469999999999,3
54,1,723.3799999999999,0
1,20,6546.58,0
23,9,13117.01,0
4,1,680.9900000000001,0
4,3,477.29999999999995,0
28,4,3281.6299999999997,0
23,11,5590.860000000001,0
17,13,2327.13,0
33,8,4495.27,0
10,3,1298.6600000000003,0
336,1,334.92999999999995,2
5,10,5417.93,0
39,1,460.40000000000003,0
63,2,263.21,0
166,3,416.79,2
10,13,1139.35,0
82,1,1043.1,0
21,3,403.7,0
23,13,4206.27,0
315,2,2089.68,2
96,5,3723.87,0
338,1,-1126.0,2
18,4,114.00000000000003,0
301,1,-4.5,2
233,1,73.50000000000001,2
134,4,1258.06,0
26,2,398.27,0
284,1,176.5,2
143,2,982.5699999999999,2
66,2,138.03,0
85,2,586.7900000000001,0
267,1,1017.6800000000001,2
353,1,383.70000000000005,2
78,2,1312.06,0
28,6,2464.8900000000003,0
1,5,2056.89,0
64,1,340.84000000000003,0
79,6,2582.51,0
143,1,599.68,2
39,2,192.72000000000003,0
2,13,1745.5699999999997,0
9,8,4485.719999999999,0
1,3,1316.6600000000003,0
82,3,348.71000000000004,0
9,8,1922.28,0
60,5,1623.6300000000003,0
15,1,125.22,0
30,1,349.83000000000004,0
131,1,1089.18,0
92,2,716.35,0
8,5,4106.82,0
29,1,363.95,0
22,5,3852.5,0
20,19,13309.039999999999,0
30,3,981.1800000000002,0
30,2,355.70000000000005,0
75,2,1000.39,0
47,3,1141.5,0
198,2,207.8,2
166,1,95.19999999999999,2
79,1,964.83,0
358,1,168.0,2
39,2,437.82,0
8,14,3652.25,0
50,2,603.7099999999999,0
16,5,11990.96,0
2,2,2.6645352591003757e-14,0
311,3,536.2099999999999,2
5,4,2101.3900000000003,0
303,1,238.85,2
8,7,3781.74,0
261,1,456.90000000000003,2
282,2,131.17000000000002,2
73,2,346.7,0
23,11,9114.94,0
2,35,4064.99,3
40,2,519.61,0
9,3,1004.7199999999999,0
227,1,160.54,2
316,1,218.45000000000002,2
36,6,1306.98,0
35,4,595.4,0
21,4,2753.36,0
73,3,410.71999999999997,0
247,1,415.70000000000005,2
40,1,197.70999999999998,0
239,2,511.3599999999999,2
3,18,7187.34,0
4,18,1893.9500000000003,0
234,4,1982.81,2
17,2,179.94,0
8,1,144.0,0
39,1,214.89999999999998,0
29,2,646.6800000000001,0
190,3,9861.38,2
317,1,452.84999999999997,2
92,2,437.6,0
109,3,418.0999999999999,0
38,11,3320.2200000000003,0
51,2,618.27,0
19,5,3683.13,0
10,9,3002.6800000000003,0
29,7,1032.5800000000004,0
29,11,2581.04,0
190,6,569.5600000000001,2
59,1,153.12,0
22,1,739.1999999999999,0
79,2,254.17999999999998,0
365,1,-7.5,2
58,2,0.0,0
78,3,1126.8500000000001,0
23,7,2057.9900000000002,0
52,1,1193.32,0
58,2,643.59,0
31,6,3218.98,0
278,1,315.59999999999997,2
2,4,2291.1899999999996,0
85,5,657.2499999999999,0
29,1,355.53000000000003,0
22,1,177.31,0
16,13,3214.8100000000004,0
15,3,1339.41,0
2,23,13612.07,3
232,1,180.09999999999997,2
276,1,305.1,2
106,2,641.13,0
212,3,2614.32,2
23,13,6388.35,0
11,7,4478.530000000001,0
4,4,769.61,0
10,2,1270.88,0
57,1,640.5,0
59,5,2140.63,0
90,2,1689.1800000000003,0
67,10,5953.25,0
33,1,671.69,0
239,1,486.1,2
24,3,1174.58,0
115,1,185.9,0
25,3,1013.26,0
128,6,3344.6399999999994,0
130,1,477.90999999999997,0
34,5,1755.38,0
5,2,1346.97,0
22,13,3669.92,0
155,1,318.04999999999995,2
107,4,603.71,0
3,1,314.44,0
335,1,114.0,2
322,2,914.53,2
149,2,2209.85,2
11,5,601.9799999999999,0
17,8,3982.7200000000003,0
11,5,1152.06,0
19,1,686.05,0
30,1,91.68,0
11,1,245.10000000000002,0
1,12,3817.08,0
8,10,4863.88,0
325,2,61.75,2
359,1,-227.44,2
58,1,620.1300000000001,0
7,6,3743.1800000000003,0
151,4,1607.73,2
10,6,2986.1499999999996,0
330,1,225.9,2
5,2,610.52,0
12,7,1919.3099999999997,0
25,6,1331.39,0
42,13,17588.26,0
52,9,1058.67,0
1,4,862.8100000000002,0
15,27,13677.59,3
4,31,12288.220000000001,3
4,20,8221.09,0
8,7,2283.63,0
28,6,2863.08,0
372,1,89.14,2
114,1,4873.8099999999995,0
26,2,1247.61,0
206,1,389.01,2
28,6,1035.8,0
121,6,830.9599999999999,0
70,2,869.67,0
7,4,582.1,0
21,5,939.02,0
8,6,4867.99,0
80,2,797.71,0
20,1,219.0,0
64,2,274.7,0
7,10,2220.8399999999997,0
15,14,6814.24,0
292,1,603.42,2
30,16,2616.3199999999997,0
3,26,9294.1,3
97,4,1130.5700000000002,0
23,17,4241.629999999999,0
1,1,848.5500000000001,0
9,5,4708.860000000001,0
106,1,353.85999999999996,0
4,2,1053.4900000000002,0
151,3,980.98,2
71,1,238.25,0
5,3,608.1,0
3,29,5713.28,3
32,7,2628.9799999999996,0
85,6,904.3299999999999,0
4,5,725.07,0
5,4,1031.4099999999999,0
371,1,427.8,2
28,7,2609.1,0
11,9,3947.7000000000007,0
71,4,836.3299999999999,0
114,1,453.01000000000005,0
24,14,18793.41,0
180,1,236.26000000000005,2
234,1,383.95000000000005,2
353,1,110.39999999999999,2
315,2,779.57,2
333,1,234.00000000000003,2
372,1,155.35,2
78,2,1013.0400000000001,0
64,1,427.59999999999997,0
134,2,546.4300000000001,0
52,10,9120.39,0
2,11,4196.009999999999,0
1,224,29072.1,3
4,8,3868.2000000000007,0
129,1,275.88,0
81,1,4366.780000000001,0
4,11,21024.01,0
236,5,2949.12,2
250,4,2203.1999999999994,2
87,1,112.08000000000001,0
16,19,4227.7,0
117,2,2791.59,0
52,3,1531.4400000000003,0
8,2,1898.5200000000004,0
138,2,494.08000000000004,0
317,1,1693.88,2
4,7,6989.63,0
239,1,1143.6,2
211,1,1351.4499999999998,2
60,1,892.4700000000001,0
17,6,1351.2400000000002,0
20,7,804.23,0
21,12,3868.7,0
21,5,707.7200000000001,0
5,6,2273.32,0
2,8,1603.87,0
9,2,574.4200000000001,0
3,2,305.71,0
10,3,463.65999999999997,0
65,1,91.85000000000001,0
192,1,324.9200000000001,2
374,1,192.60000000000002,2
257,1,400.53999999999996,2
335,2,545.48,2
53,2,860.41,0
19,1,430.48,0
360,3,194.18,2
10,3,6977.04,0
184,2,412.58,2
37,3,483.65000000000003,0
168,2,484.36,2
261,3,514.8499999999999,2
45,1,229.64,0
102,1,125.92,0
148,2,1063.46,2
96,2,572.2,0
281,1,166.04,2
178,2,1517.88,2
3,4,942.34,0
214,1,92.72,2
71,3,918.9800000000001,0
75,5,1759.5,0
60,1,397.11999999999995,0
3,8,1468.1200000000001,0
6,3,430.15,0
3,6,1018.71,0
322,3,253.05,2
38,7,6748.400000000001,0
262,1,215.05,2
32,2,383.03000000000003,0
145,1,417.38,2
283,1,312.38,2
59,4,2612.8599999999997,0
173,1,134.1,2
34,2,683.13,0
3,16,5583.62,0
144,6,2714.2700000000004,0
5,26,3876.3999999999996,0
70,2,1118.99,0
66,9,1680.7600000000002,0
29,2,325.96,0
267,4,354.09,2
22,1,871.5399999999998,0
31,2,1050.8899999999999,0
97,1,135.18,0
290,2,299.75000000000006,2
108,9,1881.7,0
79,5,1289.1500000000003,0
373,1,38.1,2
8,8,2162.68,0
211,2,1106.4,2
52,2,504.20000000000005,0
138,1,147.12,0
26,3,1548.07,0
283,1,559.12,2
26,10,3986.2200000000003,0
186,6,1607.0600000000002,2
366,1,-14.899999999999999,2
84,2,380.64000000000004,0
327,2,599.9700000000001,2
282,1,374.0,2
143,2,343.2300000000001,2
58,2,2218.020000000001,0
4,12,1535.7700000000002,0
18,3,841.64,0
45,4,552.57,0
276,1,298.0,2
9,2,1463.0399999999997,0
25,4,703.47,0
88,1,309.05000000000007,0
63,4,1158.27,0
68,3,1351.09,0
214,4,313.77,2
24,1,380.47,0
186,3,331.0,2
31,1,188.14000000000001,0
42,3,347.3,0
205,2,216.5,2
9,36,16293.1,3
265,1,138.67999999999998,2
18,2,509.58,0
12,5,2919.81,0
59,4,246.0,0
40,8,2128.83,0
23,8,3075.0400000000004,0
3,5,1662.3,0
5,5,2483.6299999999997,0
149,2,363.65,2
139,5,2982.3499999999995,0
128,1,594.0,0
8,8,1301.44,0
17,1,164.23000000000002,0
4,50,16389.74,3
161,1,405.38,2
64,1,176.97,0
88,5,929.9500000000002,0
5,2,694.05,0
35,5,2062.7,0
122,2,105.1,0
78,4,409.9,0
22,20,33462.81,3
24,4,606.28,0
2,8,2156.45,0
17,5,1012.9000000000001,0
15,4,1504.2700000000002,0
26,1,114.13999999999999,0
64,8,11581.800000000001,0
46,4,876.29,0
131,3,683.9000000000001,0
301,1,-3.75,2
36,2,604.5099999999999,0
288,1,462.95000000000005,2
144,11,1407.2900000000002,0
16,8,2053.7,0
31,10,4143.0199999999995,0
2,3,1843.0,0
9,8,1042.07,0
6,5,1382.8400000000001,0
10,1,329.85,0
1,14,4734.26,0
306,1,108.07,2
4,12,3979.04,0
7,2,266.39,0
8,9,1841.0300000000002,0
89,1,771.91,0
10,1,160.18,0
3,4,1194.75,0
112,1,135.95,0
7,4,452.24000000000007,0
4,89,10930.259999999998,3
198,1,144.8,2
212,1,738.6,2
156,1,39.24,2
156,12,7092.060000000001,0
30,2,372.2199999999999,0
240,2,377.20000000000005,2
19,1,97.5,0
1,3,1215.6200000000001,0
74,3,545.0,0
292,1,535.3200000000002,2
3,19,6854.51,0
31,3,409.5000000000001,0
23,2,503.76000000000005,0
23,4,414.75999999999993,0
4,5,902.2199999999999,0
78,2,200.72,0
22,7,1197.94,0
196,3,455.88,2
107,3,534.8500000000001,0
4,15,9797.92,0
318,1,120.94999999999999,2
106,3,149.05,0
12,22,5613.43,0
174,3,468.95000000000005,2
56,1,81.57,0
323,2,178.47,2
372,1,50.550000000000004,2
9,11,1311.6200000000003,0
1,15,4786.99,0
3,16,3365.4300000000003,0
53,5,3346.2799999999997,0
73,3,789.8899999999999,0
7,1,204.0,0
16,29,7272.75,3
4,12,2584.4,0
64,2,689.9000000000001,0
1,8,936.1500000000001,0
114,6,6912.0,0
23,3,659.6800000000001,0
31,3,1247.5,0
11,2,799.4800000000001,0
39,3,996.5200000000002,0
357,1,190.54999999999998,2
55,2,642.7700000000001,0
58,3,886.6299999999999,0
138,3,881.07,0
80,3,908.46,0
9,2,676.99,0
254,2,471.57000000000005,2
291,1,560.47,2
99,1,305.28,0
31,2,629.31,0
32,18,3079.1,0
14,5,1805.9099999999999,0
64,2,656.6800000000002,0
9,28,5684.61,3
212,1,348.15000000000003,2
64,4,1201.96,0
25,3,271.4,0
250,1,183.4,2
254,1,307.53000000000003,2
72,1,248.61,0
191,1,346.98,2
13,4,1119.4900000000002,0
373,1,205.85999999999999,2
24,3,430.9,0
82,1,115.46000000000001,0
10,2,344.0,0
1,27,3717.82,3
192,1,228.8,2
267,1,177.14999999999998,2
130,1,919.6100000000001,0
1,4,729.2700000000001,0
1,43,12432.28,3
4,5,220.09999999999997,0
179,1,58.08,2
1,21,27964.48,3
126,10,3595.48,0
4,2,303.75,0
158,3,272.38,2
3,118,57385.88,3
9,18,8689.39,0
21,2,319.82,0
71,6,459.83000000000004,0
267,13,7741.47,2
21,16,1708.8600000000001,0
71,1,74.4,0
33,14,5893.32,0
1,41,28658.879999999997,3
99,1,207.35999999999999,0
234,1,101.19,2
1,27,6336.29,3
40,1,243.94,0
3,6,1098.48,0
129,2,59.5,0
44,5,1524.0700000000004,0
373,1,350.05999999999995,2
3,5,766.84,0
31,8,1452.8700000000001,0
1,40,10510.0,3
9,14,2205.63,0
117,2,485.19,0
22,8,984.9100000000001,0
20,7,1125.0,0
239,1,30.599999999999998,2
269,2,254.72999999999996,2
94,2,922.39,0
90,3,3866.33,0
5,10,2056.29,0
78,1,259.16999999999996,0
94,1,64.0,0
23,4,1039.3000000000002,0
262,1,77.3,2
274,2,109.80000000000001,2
73,7,1740.63,0
197,1,3096.0,2
50,11,2545.38,0
11,9,3605.08,0
22,6,962.39,0
16,8,5055.790000000001,0
108,3,423.72,0
85,6,2385.8,0
19,1,307.0899999999999,0
333,1,110.94999999999999,2
40,5,614.77,0
26,1,228.91,0
10,4,712.8000000000001,0
29,17,3348.4800000000005,0
14,4,1676.0600000000002,0
203,2,1250.3700000000003,2
6,1,486.22,0
144,1,-611.86,2
33,4,971.7600000000002,0
49,5,1721.57,0
95,4,1201.06,0
9,5,1379.75,0
22,1,91.8,0
313,1,112.75,2
122,5,1644.9899999999998,0
46,2,1021.48,0
282,2,414.70000000000005,2
19,4,791.3299999999999,0
36,5,1310.14,0
64,2,712.88,0
27,1,116.00999999999999,0
8,5,426.80999999999995,0
4,2,353.65000000000003,0
16,3,2817.0299999999997,0
46,1,492.84000000000003,0
65,1,282.45,0
26,11,5725.469999999999,0
45,1,121.18,0
8,9,3957.7800000000007,0
15,12,1648.79,0
268,1,71.4,2
40,5,1539.69,0
337,1,236.01999999999998,2
11,1,114.60000000000001,0
19,2,260.67999999999995,0
95,2,911.9400000000002,0
61,1,117.88000000000001,0
136,1,60.7,0
11,4,1797.78,0
10,8,3384.09,0
4,39,9803.96,3
19,4,870.0900000000001,0
10,4,869.4599999999999,0
15,2,250.26000000000002,0
59,7,1205.9,0
30,11,5820.16,0
94,1,353.48,0
10,3,1197.42,0
9,4,780.5799999999999,0
57,6,1518.43,0
268,1,333.74,2
122,5,133.62000000000003,0
127,1,62.64,0
78,4,819.29,0
240,2,847.4100000000001,2
200,2,163.20000000000002,2
60,3,2150.8499999999995,0
3,8,6083.04,0
273,1,108.21,2
202,1,257.7,2
81,1,358.0,0
226,1,160.95,2
4,15,2763.41,0
13,7,1357.6000000000001,0
74,2,605.1199999999999,0
212,2,101.17000000000019,2
25,3,727.2700000000001,0
11,5,680.8299999999999,0
262,1,329.56,2
96,4,663.6500000000001,0
112,3,270.40000000000003,0
203,1,600.0700000000002,2
93,1,121.74,0
51,1,430.5,0
18,7,1922.1,0
18,4,501.11999999999995,0
125,2,465.67999999999995,0
92,3,711.41,0
157,2,1030.3999999999999,2
4,3,390.65999999999997,0
14,1,0.0,0
12,3,698.5799999999999,0
62,1,292.31999999999994,0
61,1,557.62,0
269,2,944.1,2
263,1,200.29,2
1,35,7454.07,3
53,5,2107.6600000000003,0
11,19,3717.67,0
3,27,4404.4400000000005,3
18,15,3167.6400000000003,0
1,17,5315.92,0
366,1,590.0,2
37,2,178.25999999999996,0
31,2,276.56000000000006,0
113,1,138.98,0
64,2,590.93,0
16,4,258.4,0
41,1,542.73,0
64,2,126.3,0
122,3,814.86,0
18,6,1047.8400000000001,0
60,2,93.66,0
323,2,196.15,2
23,4,2709.1200000000003,0
156,1,361.11,2
39,2,578.9399999999999,0
190,2,873.74,2
360,2,197.95,2
137,1,87.4,0
8,4,2089.85,0
1,1,360.0,0
268,1,142.5,2
165,2,365.29,2
104,4,618.09,0
155,1,63.75,2
351,1,300.41999999999996,2
4,10,2000.8599999999997,0
120,1,15.0,0
23,4,1367.6100000000001,0
7,5,1456.79,0
9,6,1083.63,0
4,2,598.57,0
22,5,1555.32,0
2,4,578.6600000000001,0
37,5,5815.49,0
64,9,2140.07,0
1,3,640.7600000000001,0
5,36,10664.34,3
70,6,1491.7,0
72,2,567.36,0
17,1,199.48,0
3,5,787.8499999999999,0
32,12,7072.799999999998,0
82,1,675.3,0
39,9,3617.5699999999993,0
316,1,1308.48,2
32,4,740.3999999999999,0
93,3,1140.93,0
14,1,350.9,0
82,3,3536.8200000000006,0
77,1,795.1200000000001,0
154,3,431.82000000000005,2
201,1,860.12,2
45,7,10736.48,0
261,1,775.8499999999999,2
173,2,303.93,2
68,3,2543.7200000000007,0
277,2,377.6,2
70,1,341.36,0
64,1,233.76,0
11,1,247.32,0
16,3,910.72,0
66,1,373.94,0
8,2,389.28,0
71,1,743.5300000000001,0
122,1,674.7,0
80,1,768.2400000000001,0
257,1,609.95,2
269,1,439.03000000000003,2
59,2,431.26,0
3,5,3085.49,0
18,2,992.5,0
67,2,7.105427357601002e-15,0
9,3,2191.2200000000003,0
50,1,56.160000000000004,0
257,2,623.4,2
354,2,263.75,2
366,2,721.3199999999999,2
90,1,378.63999999999993,0
61,3,3312.2500000000005,0
81,2,772.9,0
99,3,1019.76,0
26,3,572.56,0
21,7,3626.81,0
281,1,222.99,2
31,9,4122.28,0
330,1,534.5699999999999,2
121,3,627.15,0
11,3,797.9599999999999,0
75,1,544.08,0
204,1,59.8,2
2,10,2312.8,0
185,1,307.71999999999997,2
22,4,1325.29,0
73,6,1539.1799999999998,0
192,1,457.34000000000003,2
127,2,621.2300000000002,0
18,1,75.0,0
1,2,252.49,0
74,3,572.4509999999999,0
2,81,27487.41,3
9,7,988.9100000000001,0
107,1,213.55,0
134,3,1390.5,0
44,2,712.5,0
5,2,640.83,0
12,23,5845.4400000000005,0
64,1,221.06,0
135,4,140.35,0
40,3,1848.98,0
51,2,2601.55,0
108,3,1624.2100000000003,0
1,12,3550.7,0
19,3,582.6,0
10,1,218.46999999999997,0
11,4,1006.7999999999998,0
19,4,648.6899999999999,0
67,2,1269.1,0
74,2,534.24,0
5,9,3794.4900000000002,0
2,1,196.88999999999996,0
14,7,3408.0600000000004,0
255,1,283.71,2
92,1,296.64000000000004,0
23,4,1104.2300000000002,0
17,10,3465.6700000000005,0
24,1,291.88000000000005,0
27,6,2043.72,0
26,6,2916.45,0
259,2,590.0,2
166,2,356.97999999999996,2
25,4,1007.3499999999999,0
18,7,1737.82,0
7,22,9537.92,0
29,2,183.44,0
39,3,1445.0000000000002,0
183,2,143.25,2
58,1,674.6800000000001,0
100,2,297.95000000000005,0
11,2,1083.71,0
2,41,5656.75,3
99,2,165.0,0
1,4,2531.58,0
61,3,417.53999999999996,0
236,1,229.59,2
191,4,1431.7800000000002,2
179,4,1092.77,2
38,8,1441.5300000000002,0
198,3,291.0,2
46,8,1776.81,0
232,1,184.64,2
66,1,140.34,0
241,1,313.8,2
233,1,454.24,2
78,3,1122.4099999999999,0
58,3,575.4000000000001,0
17,17,8910.61,0
105,4,449.52,0
52,10,1215.8199999999997,0
136,3,1269.84,0
275,2,618.63,2
312,1,316.26000000000005,2
8,6,1990.12,0
11,3,617.93,0
283,3,321.04999999999995,2
18,7,1146.96,0
23,4,1136.77,0
243,2,1310.47,2
17,3,291.99999999999994,0
71,1,216.85000000000002,0
64,1,295.93000000000006,0
68,8,4282.880000000001,0
312,3,452.82,2
3,4,2479.16,0
244,1,110.97000000000003,2
9,7,979.72,0
1,5,1785.1599999999999,0
261,1,251.20999999999998,2
127,1,205.09999999999997,0
74,1,152.20000000000002,0
73,4,891.12,0
21,3,1389.4100000000003,0
60,5,2109.0699999999997,0
86,1,659.4399999999998,0
50,2,110.8,0
59,8,3487.7499999999995,0
1,3,1093.65,0
30,1,125.80000000000001,0
33,6,3755.38,0
41,5,680.1800000000001,0
15,2,628.78,0
34,8,2263.76,0
79,2,307.76,0
205,2,483.80000000000007,2
34,1,210.30999999999995,0
183,3,270.79,2
2,43,5613.08,3
1,7,3448.29,0
43,7,1280.8500000000001,0
86,4,605.84,0
40,2,291.40999999999997,0
12,3,626.99,0
96,2,682.4100000000001,0
26,8,916.1199999999999,0
319,1,91.80000000000001,2
66,16,3539.53,0
74,4,4149.280000000001,0
28,2,584.06,0
6,4,605.06,0
7,1,174.36999999999998,0
216,1,141.86,2
82,3,1799.33,0
84,2,777.53,0
144,5,647.7400000000004,0
19,2,240.22,0
41,2,874.71,0
173,1,192.85,2
17,2,373.74999999999994,0
243,1,239.49000000000004,2
13,12,2092.3199999999997,0
206,1,1384.2499999999998,2
50,2,294.4,0
23,5,732.07,0
10,20,6703.300000000001,0
25,5,1658.3,0
15,2,467.0400000000001,0
309,1,118.0,2
156,1,781.03,2
307,1,142.4,2
32,3,347.0,0
16,13,2445.12,0
15,2,379.65000000000003,0
11,7,1976.12,0
65,3,1117.1299999999997,0
36,4,247.95999999999998,0
108,6,1990.2800000000002,0
53,1,396.97,0
6,2,697.0400000000001,0
47,2,167.42000000000002,0
1,33,5030.6,3
312,1,219.51999999999998,2
45,2,693.32,0
65,1,428.89,0
26,1,164.34,0
29,3,280.53999999999996,0
40,1,678.0100000000001,0
12,9,1115.43,0
89,4,1158.2,0
24,4,1610.46,0
313,2,399.99,2
40,3,544.1800000000001,0
174,1,177.34,2
117,1,213.85,0
31,7,672.4399999999999,0
253,1,257.22999999999996,2
59,7,1624.0200000000002,0
23,11,7792.360000000001,0
5,11,1995.6799999999998,0
100,12,3021.77,0
25,6,2117.02,0
33,5,1575.1599999999999,0
68,1,1071.03,0
37,6,941.62,0
52,3,810.5,0
16,1,122.64,0
74,1,1033.3400000000001,0
216,1,354.8,2
31,3,519.44,0
9,5,2597.5200000000004,0
120,1,252.1,0
10,5,1670.22,0
257,2,346.6,2
17,7,1809.34,0
35,2,94.2,0
46,3,1095.08,0
43,6,2707.33,0
114,2,932.97,0
165,2,379.65000000000003,2
11,2,382.14,0
10,7,2421.47,0
197,3,1550.85,2
86,7,879.08,0
179,1,189.46999999999997,2
60,3,84.65,0
149,1,305.0199999999999,2
3,29,6216.07,3
51,2,218.55,0
75,1,349.7,0
301,6,-71.45999999999998,2
19,2,396.91999999999996,0
151,2,486.82000000000005,2
152,1,232.6,2
1,5,2202.31,0
18,4,827.83,0
187,1,59.5,2
286,2,64.23,2
3,7,3119.44,0
183,1,72.0,2
63,1,910.0,0
59,1,172.25,0
25,5,1466.8699999999997,0
325,2,-32.0,2
4,60,62653.1,3
31,15,2504.13,0
39,1,151.3,0
155,1,308.58,2
26,10,2265.12,0
318,1,99.5,2
5,10,2295.3100000000004,0
8,3,711.86,0
303,1,330.79,2
267,2,806.41,2
271,1,296.88,2
4,17,6249.11,0
32,1,180.48,0
219,2,252.06000000000003,2
247,1,228.83999999999997,2
281,8,1053.94,2
269,1,138.28,2
32,7,1432.2600000000002,0
246,2,306.55,2
15,5,1041.68,0
117,4,799.9,0
36,1,524.1400000000001,0
120,4,2369.16,0
217,1,199.85000000000002,2
50,11,1809.8099999999997,0
39,2,1079.6599999999999,0
29,2,333.48,0
37,6,1016.1400000000001,0
136,2,752.6,0
219,2,610.59,2
28,1,491.86000000000007,0
25,8,2766.18,0
5,3,724.0,0
200,1,339.6,2
18,1,216.9,0
241,1,350.75,2
72,4,666.33,0
17,14,3102.42,0
3,8,1340.15,0
95,2,1156.36,0
151,2,291.53999999999996,2
374,1,79.6,2
96,5,948.2499999999999,0
54,5,1647.26,0
288,1,296.25,2
124,6,1186.28,0
288,1,741.26,2
152,2,282.6,2
4,10,2154.6800000000003,0
2,15,5145.120000000001,0
12,7,3190.55,0
33,2,659.41,0
54,2,286.78999999999996,0
50,2,1070.65,0
204,2,-1.4210854715202004e-14,2
63,3,1689.46,0
71,3,1521.7600000000002,0
2,52,16945.71,3
2,16,2771.87,0
64,5,2631.7,0
34,3,1132.13,0
82,1,345.0,0
1,41,25748.350000000002,3
103,1,178.7,0
7,2,360.01000000000005,0
251,1,127.84,2
13,6,912.0,0
10,11,2462.7899999999995,0
367,1,230.4,2
76,2,309.04,0
4,1,348.79999999999995,0
43,3,1047.68,0
66,2,195.54999999999995,0
1,63,36351.42,3
117,2,688.8600000000001,0
310,1,558.32,2
67,1,324.79999999999995,0
138,6,3906.2699999999995,0
255,1,277.07000000000005,2
31,7,2635.79,0
52,2,924.5999999999999,0
64,1,256.38,0
367,1,112.6,2
6,5,1747.6600000000003,0
305,1,155.05,2
29,4,899.51,0
184,4,591.75,2
42,3,539.0,0
40,5,1353.4099999999999,0
56,3,1562.1200000000001,0
22,5,4014.91,0
24,4,555.04,0
29,2,382.97999999999996,0
302,3,1140.35,2
145,2,385.64,2
6,2,632.0,0
19,2,957.66,0
33,5,1698.94,0
158,2,174.65,2
58,3,412.05,0
22,1,209.49000000000004,0
359,1,-102.0,2
16,6,2202.99,0
18,2,40.949999999999996,0
159,1,384.7999999999999,2
25,4,834.57,0
212,2,271.24,2
6,4,691.7299999999999,0
253,1,85.0,2
59,9,3385.6200000000003,0
11,1,361.62,0
65,1,312.98,0
25,4,847.6099999999999,0
92,3,1255.0,0
52,2,1537.95,0
88,2,1586.8100000000002,0
96,3,2651.4599999999996,0
9,2,1056.94,0
9,29,8025.0199999999995,3
169,5,363.4,2
57,1,216.17000000000002,0
326,1,201.16,2
1,6,1240.0000000000002,0
18,10,2187.3100000000004,0
245,2,299.55999999999995,2
58,4,501.56,0
74,1,145.67,0
31,3,1015.29,0
7,2,3192.54,0
123,4,3104.95,0
2,10,2751.2500000000005,0
23,14,6389.8,0
120,4,381.7,0
358,1,540.45,2
54,5,1786.79,0
64,1,122.69999999999999,0
86,1,117.24000000000001,0
55,1,1281.53,0
21,13,3219.7700000000004,0
4,22,16989.52,3
3,6,1131.28,0
1,9,2538.75,0
7,6,781.3000000000002,0
189,2,506.8,2
71,1,243.56,0
204,1,349.54999999999995,2
120,2,605.63,0
93,1,416.9,0
1,14,1860.8600000000001,0
27,4,632.97,0
298,1,821.1000000000001,2
22,5,535.97,0
21,5,2588.12,0
50,1,311.15999999999997,0
326,1,155.93,2
16,2,388.52,0
183,3,740.9499999999999,2
72,5,2867.2,0
37,2,332.64000000000004,0
80,5,2347.0499999999997,0
57,9,2580.91,0
4,3,613.95,0
50,2,272.03999999999996,0
50,2,1212.8400000000004,0
53,3,350.16,0
352,1,172.24999999999997,2
54,1,351.13000000000005,0
2,11,1682.08,0
36,6,616.65,0
23,1,223.85000000000002,0
75,1,348.99000000000007,0
11,4,464.57,0
169,3,802.85,2
58,2,337.34,0
86,3,1230.93,0
295,1,307.4,2
109,2,608.7899999999998,0
264,1,922.0999999999999,2
171,2,361.2799999999999,2
169,1,158.85,2
35,1,71.66,0
23,4,556.7499999999999,0
17,4,839.14,0
22,7,4912.409999999999,0
79,3,561.57,0
65,1,90.6,0
361,1,101.99999999999999,2
3,6,2427.3199999999997,0
11,5,728.5600000000001,0
176,3,674.4499999999998,2
211,3,3246.091,2
7,7,3515.6799999999994,0
2,3,378.59,0
154,2,322.96,2
5,5,1026.42,0
372,1,-102.45,2
79,3,598.1999999999999,0
21,2,230.22,0
22,2,169.55,0
308,4,664.5400000000001,2
146,1,80.7,2
7,20,8986.689999999999,0
9,11,2702.2200000000003,0
71,2,190.25000000000003,0
287,1,264.7,2
49,1,413.59,0
31,7,2503.23,0
207,1,357.98,2
15,2,196.79,0
73,1,869.8699999999998,0
60,1,200.14000000000001,0
39,5,1861.11,0
30,13,2590.46,0
27,6,488.03,0
4,16,7024.530000000001,0
17,1,320.46000000000004,0
20,9,4098.8,0
66,2,1266.08,0
213,1,311.3,2
12,7,850.6300000000001,0
30,1,76.8,0
32,12,3409.6600000000003,0
4,6,2313.1400000000003,0
15,6,1383.49,0
10,15,3865.26,0
206,2,633.71,2
46,4,2030.33,0
134,2,529.7299999999999,0
43,7,4582.639999999999,0
10,5,2874.72,0
116,3,962.1899999999999,0
198,3,685.9299999999998,2
278,1,328.8,2
110,3,473.02,0
77,1,505.18,0
53,1,917.34,0
154,5,4328.46,2
47,4,1398.9599999999998,0
17,2,642.8000000000001,0
155,3,631.9000000000001,2
225,1,440.0,2
7,2,584.0699999999999,0
122,2,327.70000000000005,0
61,1,104.82000000000002,0
63,2,467.66,0
18,8,2360.0899999999997,0
7,23,14634.640000000001,3
2,18,2929.8399999999997,0
22,4,512.02,0
29,5,1428.0200000000002,0
285,1,626.65,2
176,2,147.2,2
78,4,1554.4799999999996,0
33,1,152.2,0
41,15,3542.19,0
266,1,141.41,2
27,4,652.8199999999999,0
109,4,1659.75,0
284,1,154.99,2
9,7,1290.0099999999998,0
277,2,375.13,2
17,6,5639.15,0
32,2,746.3599999999999,0
1,26,15477.34,3
20,1,225.36,0
124,2,260.25,0
65,1,92.46,0
106,1,725.6400000000001,0
1,29,8124.4,3
24,18,6147.4,0
267,1,183.6,2
5,20,6135.38,0
10,12,10464.850000000002,0
29,7,1188.32,0
267,1,152.55,2
64,2,374.7,0
320,1,265.85,2
4,9,1307.4099999999999,0
21,2,139.54,0
5,3,942.26,0
129,1,122.47,0
41,5,499.4200000000001,0
102,6,1049.37,0
125,1,375.0999999999999,0
33,1,45.599999999999994,0
267,4,904.67,2
365,1,182.24999999999997,2
4,9,1018.4300000000001,0
2,19,4435.790000000001,0
3,2,181.67,0
10,14,50415.490000000005,3
57,1,161.0,0
325,1,76.32000000000001,2
8,17,4063.1000000000004,0
12,1,442.84999999999997,0
4,34,57120.91,3
37,1,147.34999999999997,0
16,12,3092.97,0
138,1,194.90000000000003,0
74,6,5976.790000000001,0
5,8,1314.73,0
155,2,216.20999999999998,2
85,2,1260.33,0
52,8,2688.48,0
31,3,594.1600000000001,0
23,2,80.19999999999999,0
4,13,5669.650000000001,0
14,5,688.6,0
23,12,2774.17,0
4,8,1377.92,0
274,2,386.53,2
20,5,1382.7399999999998,0
144,1,90.0,2
354,1,-19.9,2
4,6,2740.3,0
84,1,419.58000000000004,0
11,3,2740.4300000000003,0
8,4,643.6300000000001,0
123,3,709.7099999999999,0
61,2,637.5000000000002,0
2,5,1123.8600000000001,0
319,1,483.86,2
2,12,3580.13,0
130,5,590.3399999999999,0
2,15,4690.3099999999995,0
2,2,982.3800000000002,0
46,1,415.81999999999994,0
4,3,920.05,0
3,6,879.03,0
373,1,311.81,2
134,1,115.8,0
47,5,3148.2,0
9,6,2949.57,0
49,3,468.4,0
234,1,157.2,2
213,3,259.43,2
36,2,658.64,0
75,3,611.09,0
239,2,1345.62,2
266,1,118.75,2
10,66,113384.14000000001,1
20,3,400.43,0
40,1,507.65999999999997,0
20,14,4678.3,0
216,3,1110.52,2
174,2,289.36,2
87,4,2445.9100000000003,0
71,2,1631.7700000000004,0
276,1,122.54,2
39,4,574.84,0
98,1,363.79,0
11,4,450.8400000000001,0
33,1,134.46,0
51,7,3108.0600000000004,0
297,5,574.0,2
85,5,554.46,0
9,7,1620.9300000000003,0
41,2,719.78,0
11,31,4640.77,3
67,1,452.89,0
331,1,197.65,2
9,10,2018.9099999999999,0
2,24,4604.3099999999995,0
2,14,4660.01,0
68,2,853.3900000000001,0
5,32,11216.75,3
202,3,962.7,2
107,1,335.52,0
4,7,663.4999999999999,0
218,1,185.39999999999998,2
60,9,688.0400000000001,0
2,1,161.02999999999994,0
11,4,218.78,0
239,2,308.26,2
95,1,151.73999999999998,0
11,7,2067.13,0
91,7,1900.89,0
53,13,2208.3,0
90,1,1070.48,0
372,1,-1192.2000000000003,2
31,7,1000.2300000000001,0
12,7,1777.92,0
3,4,1839.3000000000002,0
2,24,1925.36,0
43,1,169.48000000000002,0
4,1,89.94,0
247,2,632.3999999999999,2
42,10,3427.85,0
177,1,683.1700000000001,2
92,4,975.23,0
110,4,1050.1200000000001,0
29,7,2201.64,0
26,15,3315.7100000000005,0
52,5,1450.6000000000001,0
179,5,822.0600000000001,2
32,8,2043.93,0
44,5,1447.5100000000002,0
22,4,775.4600000000003,0
10,6,3093.86,0
81,2,490.86,0
373,1,161.00000000000003,2
326,1,146.85,2
43,13,2323.5000000000005,0
30,2,890.3400000000001,0
184,1,213.70000000000005,2
235,2,280.55,2
9,14,2535.88,0
176,5,1677.48,2
111,3,1474.0600000000002,0
278,1,136.76999999999998,2
318,1,302.58,2
7,3,1904.05,0
2,5,2879.7,0
254,3,935.06,2
51,6,3087.2700000000004,0
9,10,12650.080000000002,0
142,1,120.0,2
51,2,1163.45,0
8,8,2618.2299999999996,0
155,3,319.47,2
109,2,530.18,0
151,7,1279.0900000000001,0
332,1,492.65,2
226,1,112.32,2
74,2,437.96000000000004,0
51,4,559.97,0
88,5,1019.3900000000001,0
15,4,3957.0,0
197,1,134.04,2
3,15,3729.34,0
31,3,578.45,0
21,4,1910.0100000000002,0
24,5,4595.81,0
8,4,151.23,0
212,2,413.85,2
9,6,911.26,0
11,6,2307.45,0
2,12,3873.3,0
8,14,4819.329999999999,0
3,4,1046.56,0
40,2,154.7,0
18,6,1284.06,0
3,45,50862.44,3
8,18,2855.3500000000004,0
19,1,43.2,0
108,2,632.04,0
223,2,197.1,2
71,5,1803.76,0
51,3,2083.42,0
89,6,2995.72,0
8,10,2319.6800000000003,0
225,2,229.71000000000004,2
47,6,1611.59,0
107,1,120.0,0
21,7,2456.9800000000005,0
65,1,508.58,0
207,3,343.10999999999996,2
11,5,1530.7500000000002,0
115,4,574.26,0
235,2,166.85000000000002,2
163,1,311.65000000000003,2
9,14,4928.74,0
124,2,462.65999999999997,0
23,3,866.3100000000001,0
64,2,351.45,0
17,9,2539.46,0
16,2,468.25999999999993,0
17,4,1614.91,0
158,4,554.2199999999999,2
235,4,289.91,2
219,1,134.7,2
45,9,2166.38,0
21,6,607.71,0
127,8,889.9300000000002,0
39,1,108.97999999999999,0
121,2,1021.58,0
260,1,409.57,2
10,1,133.5,0
271,2,258.7,2
165,1,51.0,2
157,4,1078.9600000000003,2
215,1,90.6,2
6,2,163.62,0
366,1,174.4,2
60,4,666.9399999999999,0
43,1,225.76999999999998,0
19,6,882.5799999999999,0
32,4,2128.2300000000005,0
22,1,161.2,0
109,8,3717.35,0
8,19,9167.82,0
320,1,155.0,2
295,1,100.5,2
358,1,76.55,2
185,1,257.68,2
191,2,617.05,2
44,2,348.1,0
52,1,202.68,0
26,1,626.07,0
38,3,1247.69,0
9,3,202.10999999999999,0
297,1,142.4,2
33,3,1770.5600000000002,0
9,10,3172.04,0
9,5,999.72,0
10,13,4592.47,0
218,1,67.94999999999999,2
2,12,3471.91,0
65,2,487.99000000000007,0
1,23,2556.68,0
141,2,559.6999999999999,0
4,14,4039.98,0
130,5,1426.31,0
34,7,1434.7200000000003,0
119,1,156.75,0
107,9,2111.08,0
11,7,2606.53,0
71,7,1908.2500000000002,0
16,15,576.3,0
311,1,1063.0,2
35,3,761.33,0
362,1,122.7,2
92,8,1485.1300000000003,0
1,18,5811.56,0
22,2,490.2200000000001,0
4,3,1937.25,0
11,6,1058.06,0
85,2,385.87,0
57,2,813.1100000000001,0
1,6,4263.639999999999,0
218,1,265.2,2
18,1,322.08,0
19,16,3918.8999999999996,0
50,2,363.34000000000003,0
7,7,1230.1399999999999,0
299,2,397.76000000000005,2
10,6,2255.51,0
22,6,1372.8,0
99,1,89.06,0
143,2,-43.400000000000006,2
306,1,131.9,2
320,1,2661.24,2
8,5,2357.6800000000003,0
1,10,1545.14,0
2,5,1544.6200000000001,0
54,7,1400.88,0
1,4,1039.58,0
19,5,1163.2300000000002,0
9,2,375.35,0
19,4,907.1,0
181,3,483.24999999999994,2
60,2,662.59,0
11,2,264.44,0
190,1,119.93,2
5,14,3047.63,0
311,1,113.64,2
155,1,1837.92,2
110,4,383.34,0
148,3,2103.0599999999995,2
64,15,1965.9,0
98,3,529.62,0
247,3,1058.62,2
29,7,2272.4,0
18,4,598.76,0
12,2,461.19000000000005,0
104,8,1936.84,0
74,2,234.34,0
43,2,537.71,0
72,6,799.8199999999999,0
257,1,215.7,2
20,5,1307.8100000000002,0
254,2,316.24999999999994,2
11,1,279.05,0
165,2,636.51,2
18,6,2068.15,0
150,2,129.2,2
50,1,321.92,0
39,1,165.75,0
27,7,1183.58,0
51,2,1047.43,0
207,1,463.38,2
175,2,340.93,2
7,7,2362.84,0
26,1,139.56,0
51,2,123.79999999999998,0
312,2,538.8100000000001,2
301,2,457.47,2
43,5,1957.3200000000002,0
26,3,815.3199999999999,0
88,3,356.85,0
64,3,190.31000000000003,0
20,14,2351.02,0
3,6,3543.26,0
47,4,673.26,0
17,11,5818.700000000001,0
17,5,2012.17,0
24,7,1368.1799999999998,0
22,2,276.42,0
11,6,1267.4100000000003,0
188,2,275.28,2
101,4,438.49,0
61,3,1055.35,0
18,6,2102.0899999999997,0
33,2,330.45000000000005,0
64,1,174.37,0
2,2,270.6,0
24,4,974.54,0
108,1,241.09,0
32,9,1867.6800000000003,0
9,13,4221.369999999999,0
3,86,7711.38,3
37,1,364.21999999999997,0
60,3,620.04,0
26,6,2925.9100000000003,0
236,4,932.8500000000001,2
25,9,1812.6200000000003,0
3,25,4075.35,0
59,4,2841.09,0
260,1,171.8,2
58,1,355.56000000000006,0
65,2,388.24999999999994,0
16,2,537.48,0
10,3,996.26,0
59,8,1461.6500000000003,0
186,1,103.25000000000001,2
4,21,2916.1700000000005,0
24,2,2024.45,0
4,9,2487.0200000000004,0
4,9,3986.74,0
151,2,652.8,2
311,1,289.24,2
11,2,765.62,0
18,2,186.23000000000002,0
152,1,165.07,2
19,5,859.2700000000001,0
10,4,2381.04,0
57,2,324.14,0
64,2,0.0,0
7,24,2174.1800000000003,0
76,3,1080.76,0
4,22,4709.220000000001,0
96,6,3073.77,0
111,1,1432.0,0
35,3,1524.46,0
1,1,227.38999999999996,0
281,2,218.06,2
3,10,2803.6900000000005,0
180,13,1603.72,2
372,1,35.400000000000006,2
13,4,859.7100000000002,0
3,1,168.63,0
17,1,138.6,0
41,1,114.11,0
6,5,1052.55,0
169,5,1029.26,2
50,1,157.05,0
227,3,134.16000000000003,2
19,10,1598.2400000000002,0
372,1,39.75,2
15,4,1447.14,0
35,3,570.4599999999999,0
22,3,617.99,0
7,2,379.8299999999999,0
20,6,1740.6000000000001,0
11,2,883.1500000000001,0
44,1,221.97,0
306,1,393.33,2
11,1,213.96000000000004,0
275,1,660.0,2
1,128,11713.85,3
16,17,11341.1,0
4,4,1785.1499999999999,0
72,4,601.5600000000001,0
243,3,406.08000000000004,2
9,4,538.59,0
239,2,379.50999999999993,2
204,3,393.2800000000001,2
1,6,1765.7599999999998,0
185,1,320.58,2
32,6,869.3499999999999,0
57,2,225.84999999999997,0
185,5,848.48,2
9,7,2757.07,0
312,1,-21.849999999999998,2
91,2,671.9599999999999,0
4,3,939.21,0
51,3,1006.98,0
263,1,114.56,2
266,1,344.9000000000001,2
36,2,609.8500000000001,0
51,1,443.6,0
52,8,2952.34,0
16,8,2042.1499999999999,0
22,1,110.46,0
59,1,96.12,0
170,3,668.6099999999999,2
9,4,780.4599999999999,0
157,2,597.0899999999999,2
2,77,279489.02,1
201,1,243.21999999999997,2
5,4,1417.29,0
67,2,654.5999999999999,0
77,1,114.18,0
1,7,1947.5499999999997,0
4,5,1930.15,0
169,2,291.05,2
18,5,838.27,0
5,2,247.14999999999998,0
9,12,2456.5299999999997,0
87,2,285.73999999999995,0
27,1,107.95,0
29,4,771.1700000000001,0
20,2,637.8900000000001,0
61,7,1258.38,0
24,1,195.25,0
11,27,9231.2,3
242,3,1269.9900000000002,2
280,2,411.53000000000003,2
235,2,765.55,2
3,5,1736.4,0
16,1,604.7500000000001,0
31,8,2543.24,0
372,1,-2.55,2
25,23,26932.339999999997,3
71,3,498.95,0
188,2,52.0,2
26,5,1236.2799999999997,0
107,1,628.3799999999999,0
8,27,5107.38,3
209,1,112.80000000000001,2
44,3,358.60999999999996,0
31,5,2114.33,0
137,5,582.0500000000001,0
265,1,172.9,2
4,9,2070.9700000000003,0
218,2,188.60999999999996,2
2,5,1250.76,0
214,1,109.13000000000001,2
32,3,2235.2999999999997,0
11,12,2486.2200000000003,0
1,18,3250.6400000000003,0
15,1,318.16999999999996,0
11,9,1546.9099999999999,0
199,1,179.0,2
3,4,1096.6699999999998,0
15,14,4911.140000000001,0
14,4,606.13,0
10,12,2838.2,0
29,3,917.07,0
9,12,2664.2599999999998,0
24,1,160.19,0
25,4,867.3800000000001,0
43,2,329.67999999999995,0
2,6,1592.18,0
6,3,663.8100000000002,0
147,1,187.92,2
10,6,1158.3,0
25,1,718.08,0
274,1,268.58,2
374,1,313.49000000000007,2
1,8,2005.06,0
47,3,380.02000000000004,0
8,10,2686.34,0
9,15,9451.54,0
4,34,5807.6900000000005,3
4,3,1164.55,0
39,9,1289.94,0
2,8,3899.1,0
191,4,1423.2099999999996,2
12,6,1400.3400000000001,0
16,9,1088.53,0
113,6,1167.1600000000003,0
248,2,294.29999999999995,2
29,6,1311.79,0
44,1,389.63999999999993,0
87,1,563.1499999999999,0
45,2,638.05,0
10,12,4965.38,0
15,1,738.9599999999998,0
75,1,420.50000000000006,0
145,4,1484.06,0
5,3,1625.97,0
294,2,53.8,2
59,2,255.89999999999998,0
264,1,300.52,2
44,2,250.55,0
29,3,254.11,0
8,8,2423.0699999999997,0
17,3,139.50000000000003,0
3,10,10641.6,0
232,2,876.42,2
112,1,139.26,0
58,3,1011.8999999999999,0
51,13,2195.5800000000004,0
4,2,-17.45,0
127,2,730.8599999999999,0
281,3,386.15,2
55,2,447.68,0
320,1,200.10000000000002,2
26,2,289.99,0
10,2,77.4,0
7,2,679.4399999999998,0
29,1,197.64000000000001,0
17,4,745.0600000000001,0
64,2,0.0,0
4,2,214.14000000000001,0
3,9,1272.11,0
166,1,131.45,2
1,27,7839.51,3
53,3,173.74,0
51,1,157.70000000000002,0
48,16,4236.34,0
61,1,193.13999999999996,0
162,3,845.55,2
9,1,353.27,0
15,4,554.6500000000001,0
75,1,193.39,0
40,15,2175.3700000000003,0
41,11,2087.88,0
370,2,155.42999999999998,2
37,2,778.5,0
197,1,271.85,2
200,2,1110.3400000000001,2
74,3,657.8,0
64,2,272.07,0
21,4,507.28999999999996,0
367,1,48.800000000000004,2
180,3,321.42999999999995,2
10,4,1127.7100000000003,0
4,12,2226.9100000000003,0
197,3,2139.76,2
29,6,644.65,0
53,1,197.13,0
18,8,1698.3500000000001,0
10,3,102.44999999999999,0
90,5,1641.2000000000005,0
268,1,62.85,2
53,6,3295.7599999999998,0
35,8,2456.8,0
64,4,3189.8100000000004,0
149,1,309.4,2
22,28,7904.280000000001,3
312,2,278.15000000000003,2
23,2,511.3499999999999,0
58,6,2836.69,0
9,3,463.04999999999995,0
78,8,2749.8900000000003,0
119,2,645.65,0
36,3,1311.38,0
60,3,1165.65,0
13,5,1352.0400000000002,0
9,2,168.62,0
52,1,125.79000000000002,0
26,2,841.2,0
29,1,266.76,0
7,2,52.2,0
11,13,14197.45,0
186,4,701.33,2
3,9,2939.6400000000003,0
4,3,721.95,0
262,1,327.24999999999994,2
3,4,522.38,0
210,1,519.6800000000001,2
9,5,1448.72,0
13,9,1485.5400000000002,0
77,3,706.1900000000002,0
20,1,255.4,0
27,2,589.7,0
19,7,756.6400000000001,0
132,1,765.3199999999999,0
253,1,364.79999999999995,2
79,1,1862.0,0
207,1,369.2,2
336,1,135.9,2
254,1,125.65,2
148,2,554.38,2
10,2,1237.8500000000001,0
85,1,655.7499999999999,0
8,24,11020.26,3
205,2,468.77000000000004,2
8,4,1366.38,0
23,8,1228.3200000000002,0
11,10,1414.99,0
21,2,314.11,0
21,10,2744.4799999999996,0
2,2,1025.44,0
154,3,599.9,2
3,10,3478.85,0
74,1,277.79999999999995,0
3,7,389.86,0
1,248,132572.62,1
17,3,841.52,0
36,4,1227.43,0
86,3,258.83000000000004,0
71,5,1264.8400000000001,0
116,2,1610.1499999999996,0
213,2,977.77,2
30,2,1316.0700000000002,0
51,1,749.1,0
246,1,310.05,2
32,1,223.88,0
109,3,2372.8599999999997,0
5,6,964.6800000000001,0
366,1,363.53,2
73,3,1888.84,0
297,1,1784.71,2
9,9,8117.420000000002,0
57,4,1617.6299999999999,0
30,14,5842.950000000001,0
14,1,100.9,0
72,2,290.82000000000005,0
23,7,1066.5700000000002,0
9,2,361.25,0
79,1,311.69000000000005,0
46,15,7912.790000000001,0
25,1,289.82000000000005,0
12,1,336.16999999999996,0
253,1,58.49,2
147,3,499.68,2
59,5,684.9699999999998,0
8,2,221.26999999999998,0
11,12,7006.58,0
271,1,126.70000000000002,2
10,5,1487.8,0
247,1,206.21,2
96,2,599.0,0
15,1,191.32,0
50,1,463.8,0
30,1,147.59000000000003,0
68,4,1592.06,0
35,3,1116.5700000000002,0
128,1,114.77,0
107,3,1314.4499999999998,0
37,1,114.39,0
57,1,279.94,0
57,8,765.86,0
72,5,1931.42,0
246,1,102.12,2
19,2,213.27,0
198,2,296.75,2
16,2,326.4,0
212,1,334.53999999999996,2
39,2,233.23000000000002,0
46,4,540.98,0
170,2,429.87,2
48,1,490.52000000000004,0
116,4,1641.7599999999998,0
147,1,1246.3200000000002,2
16,35,6180.49,3
51,1,502.09000000000003,0
159,1,156.91000000000003,2
12,3,1261.78,0
36,1,308.94,0
54,2,423.04,0
43,2,260.17,0
173,1,170.04,2
34,1,125.58000000000001,0
39,4,456.26,0
267,1,265.99999999999994,2
9,13,1872.2800000000002,0
12,4,905.0400000000001,0
3,12,6763.16,0
10,10,1661.33,0
33,1,377.01,0
80,3,469.0,0
31,6,1051.95,0
8,4,627.1300000000001,0
72,2,518.28,0
4,4,668.1400000000001,0
256,5,4464.1,2
5,11,2571.02,0
16,11,4277.66,0
90,1,252.73000000000002,0
72,3,465.5499999999999,0
43,7,665.59,0
10,52,19786.440000000002,3
170,1,180.35000000000002,2
199,1,135.93,2
31,1,537.0,0
19,22,7629.380000000001,0
152,3,633.66,2
9,16,5064.009999999999,0
270,1,343.61999999999995,2
65,5,380.57000000000005,0
274,1,121.17000000000002,2
25,5,1727.17,0
23,3,1391.6100000000001,0
319,1,215.78,2
5,3,697.7900000000001,0
12,2,302.1,0
275,2,1489.5,2
25,11,2124.9900000000002,0
41,11,1325.82,0
8,4,303.09000000000003,0
4,55,54228.740000000005,3
71,4,987.86,0
213,1,370.79999999999995,2
38,6,3135.98,0
32,2,760.59,0
78,3,1744.76,0
46,2,553.36,0
179,1,1109.5300000000002,2
373,1,106.2,2
94,2,982.07,0
10,4,612.4300000000001,0
105,1,748.87,0
78,1,773.03,0
173,1,880.8499999999999,2
7,38,9623.35,3
213,5,893.6600000000001,2
22,6,487.34999999999997,0
257,1,88.19999999999999,2
282,1,306.94,2
21,3,1140.27,0
10,6,2420.84,0
308,1,381.32,2
54,2,476.96,0
215,2,457.80999999999995,2
18,9,4410.14,0
104,5,1364.6999999999998,0
43,1,219.39,0
4,1,248.07999999999998,0
182,5,649.5,2
84,1,410.48,0
330,6,635.1,2
9,3,310.03,0
31,2,703.3599999999999,0
167,3,1002.54,2
18,7,2298.9300000000003,0
18,7,1407.73,0
311,8,247.65999999999997,2
142,5,1291.75,0
241,2,463.7500000000001,2
24,7,970.25,0
29,3,1567.4799999999998,0
10,4,3439.4099999999994,0
30,10,2760.5599999999995,0
18,1,340.11,0
18,4,1352.75,0
15,6,1550.13,0
134,1,244.8,0
246,1,266.4,2
130,2,343.8199999999999,0
50,2,457.72,0
85,6,1612.1299999999999,0
7,2,2199.3100000000004,0
23,2,184.19000000000003,0
25,23,11117.05,3
66,1,406.53000000000003,0
60,8,1419.54,0
50,11,3447.4,0
170,1,330.11000000000007,2
18,5,977.93,0
128,3,982.4199999999998,0
15,8,1387.99,0
233,2,127.14999999999998,2
3,5,1282.45,0
240,2,178.96,2
52,8,2350.0,0
46,1,498.74000000000007,0
226,1,259.45,2
8,18,6530.040000000001,0
4,4,1194.7300000000002,0
165,3,1313.66,2
219,2,608.65,2
11,1,301.29,0
134,1,520.8,0
17,11,5303.969999999999,0
10,16,4684.24,0
31,1,329.25,0
74,2,240.26999999999998,0
1,3,961.4899999999999,0
4,5,1869.4999999999998,0
45,1,401.4000000000001,0
2,34,18573.68,3
357,1,158.16000000000003,2
18,2,304.4699999999999,0
69,3,843.0499999999998,0
373,1,487.75,2
321,1,163.00000000000003,2
26,1,106.56,0
325,2,1034.5,2
9,5,1624.05,0
323,1,135.75,2
72,1,224.14000000000004,0
260,1,40.5,2
18,7,2186.2000000000007,0
367,1,87.5,2
66,5,680.28,0
154,2,622.8499999999998,2
29,2,406.76,0
70,1,310.62,0
14,2,411.41,0
2,18,4670.080000000001,0
1,53,15802.140000000001,3
120,3,1044.3200000000002,0
61,1,499.31999999999994,0
3,22,7521.17,0
3,1,3861.0,0
9,5,656.44,0
92,2,193.64,0
59,4,1268.6999999999998,0
79,11,927.8400000000001,0
26,6,1827.8,0
357,1,316.58,2
85,3,648.8299999999999,0
10,4,420.3,0
1,6,867.62,0
225,1,331.18,2
60,2,894.41,0
239,2,88.94999999999997,2
319,3,325.05,2
2,8,1661.44,0
45,6,615.9899999999999,0
88,1,96.6,0
11,11,5756.89,0
176,1,305.75,2
52,7,1758.9199999999998,0
366,2,114.10000000000004,2
319,1,585.0,2
226,3,454.8999999999999,2
358,3,310.47999999999996,2
234,1,409.4000000000001,2
311,1,154.41,2
37,5,1219.4,0
66,5,3376.9599999999996,0
239,2,429.6,2
113,2,612.0600000000001,0
277,1,197.00000000000006,2
218,12,2247.51,2
299,1,321.04999999999995,2
2,4,1412.3200000000002,0
29,5,1056.54,0
10,3,764.34,0
45,7,1685.5700000000002,0
67,9,1738.5900000000001,0
74,1,316.68,0
65,2,631.5699999999999,0
134,3,2515.84,0
238,2,514.15,2
122,1,356.0,0
32,15,6657.36,0
9,15,10327.109999999999,0
36,2,740.78,0
16,6,915.3,0
127,1,300.36000000000007,0
67,1,890.85,0
149,1,98.45,2
281,2,232.14999999999998,2
169,2,623.1600000000001,2
100,8,1780.7699999999998,0
135,1,254.81999999999996,0
324,1,178.95000000000002,2
107,1,156.50999999999996,0
64,1,393.7400000000001,0
151,2,1506.12,2
338,1,119.30000000000001,2
22,5,1717.36,0
24,1,408.8,0
16,9,2298.2,0
7,16,2485.82,0
57,2,721.94,0
4,2,716.57,0
31,2,609.1899999999999,0
66,1,135.31,0
47,1,255.89999999999998,0
355,2,277.40999999999997,2
172,1,113.12,2
59,12,2239.95,0
50,1,240.55,0
22,3,485.24,0
43,5,2306.5200000000004,0
29,4,935.1,0
5,21,7803.7699999999995,0
26,20,4596.51,0
201,1,180.94,2
44,10,3610.31,0
10,4,635.0400000000001,0
2,14,3774.1000000000004,0
67,11,3787.09,0
64,1,496.43999999999994,0
51,14,5028.119999999999,0
290,1,574.02,2
61,10,680.3000000000002,0
64,3,1174.35,0
96,1,205.3,0
271,2,302.27,2
1,118,59419.34,3
75,5,921.1,0
110,1,52.0,0
199,1,327.96999999999997,2
64,3,551.54,0
327,1,165.0,2
4,1,312.62,0
284,1,204.5,2
44,1,267.13000000000005,0
49,4,2650.7299999999996,0
64,2,602.97,0
104,1,162.29000000000002,0
334,1,311.7099999999999,2
53,1,208.75,0
35,5,1005.5,0
32,2,714.9599999999999,0
366,4,1661.06,2
208,1,1028.56,2
157,3,351.67,2
54,1,173.97,0
66,3,557.5699999999999,0
81,1,2020.52,0
116,2,391.76,0
87,1,364.5,0
1,5,476.58000000000004,0
35,2,367.69,0
333,1,252.42000000000002,2
366,1,201.59999999999997,2
72,1,158.04,0
158,2,473.80999999999995,2
373,1,115.65,2
12,10,1862.1399999999999,0
255,2,777.0200000000002,2
29,2,277.05000000000007,0
31,10,2766.5,0
5,29,8234.8,3
40,1,427.92999999999995,0
362,1,418.9200000000001,2
241,2,318.05,2
96,2,913.1900000000002,0
26,9,1330.4500000000003,0
75,2,602.5100000000001,0
57,5,1867.69,0
21,1,446.94000000000005,0
144,1,-1592.49,2
41,8,2360.55,0
137,1,2007.4,0
8,13,2213.1099999999997,0
129,1,168.0,0
40,3,1233.3599999999997,0
169,8,3631.89,2
9,6,1682.3600000000001,0
214,2,596.85,2
15,8,5927.860000000001,0
170,3,635.7600000000001,2
40,1,316.88,0
186,1,394.14,2
270,1,140.54,2
172,1,500.0,2
5,5,1515.73,0
16,2,231.86,0
10,4,2183.5400000000004,0
326,1,107.45000000000002,2
113,1,288.17999999999995,0
290,1,94.0,2
16,3,1339.63,0
1,3,815.77,0
92,6,666.7,0
149,2,626.77,2
189,1,349.1,2
18,4,426.60999999999996,0
34,4,1056.44,0
264,1,267.18,2
84,8,3450.8400000000006,0
26,5,1346.3799999999999,0
171,1,190.53,2
10,3,774.9,0
313,1,572.81,2
65,5,3974.37,0
85,1,508.80000000000007,0
25,1,135.85999999999999,0
59,4,950.36,0
323,2,97.7,2
38,1,43.5,0
254,2,383.34000000000003,2
19,7,1429.9,0
33,3,1483.14,0
15,1,93.78,0
27,3,364.9,0
23,1,171.19,0
79,3,417.87,0
8,6,997.4799999999999,0
22,1,149.29000000000002,0
12,3,1122.5300000000002,0
262,1,200.16,2
131,1,156.57999999999998,0
55,3,383.68,0
249,1,594.0,2
2,8,3212.16,0
9,2,1418.2600000000002,0
264,1,113.5,2
331,1,155.17,2
313,1,494.64,2
26,5,971.22,0
30,1,429.84,0
30,3,538.7299999999999,0
2,7,1388.37,0
362,1,179.10000000000002,2
283,3,447.22,2
262,1,237.07,2
25,1,161.64,0
354,1,216.76,2
94,3,234.6,0
29,1,126.14,0
338,1,1048.85,2
20,24,6945.02,0
85,1,334.53000000000003,0
9,4,511.88000000000005,0
35,5,438.46000000000004,0
43,4,504.50000000000006,0
2,1,469.4799999999999,0
113,1,371.5600000000001,0
14,10,1465.2,0
77,1,454.10999999999996,0
40,2,1441.4199999999998,0
116,1,905.5,0
16,16,6568.72,0
161,4,233.81,2
1,5,3563.1100000000006,0
30,3,2575.0,0
93,1,91.32000000000001,0
23,4,1090.03,0
95,7,3090.85,0
28,2,659.4599999999998,0
33,7,1967.25,0
21,2,1299.23,0
18,3,1259.6999999999998,0
1,35,12396.46,3
8,4,1131.5600000000002,0
16,23,5541.460000000001,0
363,1,147.09,2
81,1,52.83,0
53,7,3497.1400000000003,0
23,3,979.26,0
172,1,492.36000000000007,2
189,6,1000.2700000000001,2
331,1,250.0,2
12,5,909.23,0
156,2,121.0,2
31,22,14520.080000000002,3
12,13,2963.19,0
45,3,62.43,0
233,1,267.03000000000003,2
64,13,1911.8899999999999,0
2,1,343.5,0
36,13,2574.6499999999996,0
33,2,398.84000000000003,0
84,1,412.01,0
25,1,440.0,0
2,4,811.02,0
33,2,148.44,0
19,10,2348.8200000000006,0
254,1,229.32999999999998,2
23,12,3967.78,0
22,4,1502.3500000000004,0
8,2,2007.4399999999996,0
25,6,1517.08,0
19,5,746.9200000000001,0
173,7,459.9,2
163,1,110.92000000000002,2
7,1,538.46,0
11,1,213.30000000000004,0
114,1,85.13,0
288,1,127.86,2
9,11,3542.51,0
54,2,292.71999999999997,0
7,14,4954.84,0
77,4,1655.7599999999998,0
4,4,575.6300000000002,0
37,1,436.05999999999995,0
217,1,90.12,2
60,1,437.23,0
278,1,217.2,2
12,20,4758.200000000001,0
24,1,279.77,0
29,1,473.65,0
12,5,722.7399999999999,0
352,1,134.55,2
9,7,1319.69,0
50,2,173.16000000000003,0
19,1,186.01000000000002,0
3,3,758.29,0
104,5,1375.71,0
7,13,4109.97,0
12,4,650.4300000000001,0
5,7,2552.86,0
32,2,607.45,0
178,4,702.25,2
38,1,940.6700000000001,0
151,3,258.88000000000005,2
162,1,127.1,2
69,2,348.59999999999997,0
121,14,3429.9700000000003,0
25,3,682.9100000000001,0
24,5,722.61,0
177,1,455.29999999999995,2
50,4,913.6800000000001,0
253,4,456.58,2
289,1,-30.19,2
47,1,388.58,0
71,1,199.8,0
16,6,1767.53,0
101,9,1343.3400000000001,0
30,2,315.71999999999997,0
35,3,235.68,0
27,2,761.74,0
11,17,6745.360000000001,0
8,15,1083.63,0
79,1,48.480000000000004,0
52,1,216.39,0
36,5,1198.23,0
57,11,2422.64,0
337,1,104.76,2
28,4,1093.68,0
183,2,270.03000000000003,2
52,1,112.46,0
10,15,1568.39,0
36,2,195.15,0
10,27,10360.04,3
33,5,747.0310000000001,0
11,1,336.40000000000003,0
50,6,1524.4,0
4,6,1158.77,0
3,16,3224.53,0
141,1,301.03,2
117,4,588.13,0
100,8,1504.56,0
75,2,675.8000000000001,0
5,10,2865.64,0
45,3,1180.3999999999999,0
16,10,3147.3100000000004,0
17,1,243.55,0
90,2,724.76,0
53,1,223.36,0
301,1,-94.0,2
134,1,425.32,0
4,17,12433.34,0
105,4,1887.2,0
179,6,647.4000000000001,2
166,4,812.9999999999999,2
19,1,612.01,0
158,4,425.14,2
204,4,599.9,2
336,2,816.0,2
37,3,646.3,0
91,1,337.74,0
93,2,877.4399999999999,0
9,2,922.5300000000001,0
233,2,511.32000000000005,2
45,4,748.5,0
23,1,30.0,0
190,8,958.9,2
44,1,306.45000000000005,0
25,12,1552.0099999999998,0
317,2,309.8,2
106,1,138.14,0
51,2,358.63,0
168,2,2242.01,2
40,1,301.32000000000005,0
218,1,76.32000000000001,2
40,5,677.69,0
297,1,173.05,2
19,10,2635.49,0
88,4,2881.02,0
73,8,1744.0199999999998,0
81,3,323.69,0
9,5,3324.09,0
49,1,657.23,0
53,1,352.70000000000005,0
24,4,781.2800000000001,0
9,3,1333.6799999999998,0
18,6,946.3599999999999,0
117,1,193.75,0
9,11,2981.5,0
120,2,254.1,0
4,2,239.76,0
252,1,136.8,2
28,1,191.03999999999996,0
1,15,6423.599999999999,0
267,2,409.98,2
33,12,2644.46,0
18,1,309.6499999999999,0
172,3,664.0300000000001,2
2,4,1542.1399999999999,0
265,1,211.5,2
140,4,2293.62,0
201,1,143.10000000000002,2
60,7,1001.8100000000001,0
35,4,945.5799999999998,0
41,11,3329.72,0
284,1,133.25,2
9,5,1072.36,0
143,3,346.75,0
12,2,330.87999999999994,0
146,4,1118.81,0
234,1,150.3,2
33,14,5043.96,0
24,1,598.73,0
12,1,507.08,0
36,6,2181.21,0
365,1,203.10000000000002,2
201,3,212.3,2
15,1,415.25,0
17,7,5178.959999999999,0
49,1,-134.8,0
198,2,62.0,2
66,4,1108.38,0
212,2,294.11999999999995,2
283,1,162.3,2
115,2,1339.45,0
15,12,1121.21,0
19,19,4788.77,0
66,1,449.12,0
49,1,154.88000000000002,0
16,4,784.4600000000002,0
78,1,34.8,0
9,6,1071.24,0
134,2,182.96000000000004,0
13,3,974.0399999999998,0
40,1,149.30999999999997,0
235,4,21535.9,2
3,9,2451.2299999999996,0
40,8,2628.93,0
305,1,79.2,2
51,4,455.67,0
1,8,2318.88,0
61,4,532.96,0
66,2,714.4200000000001,0
25,1,205.25,0
218,3,253.04000000000002,2
65,2,583.75,0
32,3,1048.67,0
81,10,3245.4699999999993,0
64,1,315.05999999999995,0
116,4,581.8299999999999,0
7,29,51823.72,3
6,1,635.6800000000001,0
69,1,270.79999999999995,0
245,1,104.9,2
133,1,241.61999999999998,0
241,5,1021.61,2
184,3,475.28,2
25,4,333.56,0
10,4,2593.9400000000005,0
11,1,246.3,0
30,8,2303.7500000000005,0
44,5,4834.200000000001,0
26,3,948.05,0
358,1,351.3,2
10,1,220.85,0
44,3,1604.4399999999998,0
9,4,948.9599999999999,0
150,1,610.01,2
1,10,2666.6100000000006,0
113,4,2207.4,0
76,3,884.14,0
107,2,699.0799999999999,0
46,4,1042.1899999999998,0
143,3,-451.42,0
51,1,415.82000000000005,0
1,19,3848.55,0
23,20,5452.17,0
46,3,784.5799999999999,0
50,3,903.9000000000001,0
306,5,3724.77,2
36,6,399.21,0
79,7,1145.43,0
17,9,2171.3199999999997,0
107,5,1801.14,0
208,2,1303.9099999999999,2
3,6,1842.73,0
64,5,2100.6,0
49,4,1905.4500000000003,0
320,1,206.98,2
44,2,570.9599999999999,0
3,2,885.4699999999999,0
337,2,-840.7599999999999,2
172,1,532.94,2
51,4,1649.3600000000001,0
73,20,1641.4800000000002,0
99,2,636.1399999999998,0
29,2,547.7,0
58,4,747.7600000000001,0
254,1,836.7900000000001,2
70,6,2084.9,0
44,4,954.09,0
45,2,117.47,0
65,1,391.98,0
11,21,33350.759999999995,3
25,5,1020.7400000000001,0
59,3,345.65999999999997,0
64,6,1209.1,0
304,1,118.95000000000002,2
46,1,130.73999999999998,0
18,10,3650.87,0
38,2,389.2699999999999,0
19,2,238.85,0
187,2,160.70999999999998,2
52,1,110.80000000000001,0
4,12,2974.6499999999996,0
137,5,712.24,0
4,31,16173.67,3
19,1,296.99999999999994,0
16,5,1438.8500000000001,0
41,8,977.2099999999998,0
12,9,3000.36,0
8,4,832.88,0
26,2,68.84,0
22,8,1769.7800000000002,0
41,3,895.13,0
101,1,230.53,0
5,16,3797.79,0
277,2,149.64000000000001,2
33,1,354.09000000000003,0
15,2,360.93,0
63,9,4330.67,0
2,3,440.78000000000003,0
369,2,313.28,2
312,8,438.24,2
199,5,495.36000000000007,2
2,2,396.47999999999996,0
93,3,379.35,0
60,1,181.09000000000003,0
80,2,141.26999999999998,0
157,2,446.87,2
227,1,524.52,2
253,2,263.55,2
150,1,179.17000000000002,2
194,2,222.05,2
1,6,1384.6799999999998,0
369,1,56.25,2
24,1,351.11000000000007,0
17,3,363.88,0
10,8,5126.34,0
8,1,164.67999999999998,0
20,8,1521.79,0
4,3,967.45,0
174,1,191.93999999999997,2
1,8,1232.18,0
178,2,264.61999999999995,2
16,10,1491.2400000000002,0
248,1,123.10000000000001,2
191,2,334.23,2
20,2,639.8900000000001,0
154,4,167.5,2
173,1,336.03000000000003,2
372,2,363.6000000000001,2
373,1,127.08000000000001,2
194,1,207.14999999999998,2
67,1,426.63000000000005,0
4,11,2461.8500000000004,0
21,3,1107.4600000000003,0
239,2,416.86,2
64,1,145.35,0
112,5,404.58,0
90,16,6102.259999999999,0
311,2,31.799999999999997,2
134,1,337.43999999999994,0
277,1,325.1,2
365,1,181.0,2
83,1,1708.24,0
8,2,955.2400000000001,0
17,2,364.72,0
2,5,1705.2599999999998,0
1,3,669.5699999999999,0
34,4,806.5699999999999,0
15,10,1634.5299999999997,0
24,16,4389.81,0
32,1,428.89000000000004,0
74,1,104.35,0
20,2,470.76000000000005,0
17,4,845.64,0
23,2,418.83,0
3,4,582.8999999999999,0
304,1,314.1,2
18,12,4199.85,0
236,3,99.77,2
39,8,3429.55,0
84,1,371.01,0
165,2,430.94,2
17,2,1054.73,0
77,1,1098.78,0
89,3,2398.8599999999997,0
25,8,3408.48,0
22,4,1475.02,0
3,11,2816.9700000000003,0
123,3,1037.42,0
30,1,168.11999999999998,0
12,7,1451.28,0
19,1,158.03,0
44,2,792.1100000000001,0
4,1,41.989999999999995,0
9,10,2756.82,0
55,1,427.07000000000005,0
88,7,1044.7800000000002,0
37,6,3084.1699999999996,0
3,3,12393.699999999999,0
30,5,2735.37,0
12,4,615.3900000000001,0
211,1,101.4,2
48,4,1701.94,0
24,3,478.78000000000003,0
22,4,992.7100000000002,0
246,3,407.50000000000006,2
8,16,3362.7099999999996,0
35,3,1415.29,0
4,54,33366.25,3
36,4,653.1300000000001,0
4,4,690.5400000000001,0
3,10,1483.31,0
47,1,211.88,0
39,2,408.90000000000003,0
2,10,3450.24,0
17,3,851.01,0
260,1,628.2800000000002,2
46,3,719.81,0
12,1,251.24,0
30,1,439.65999999999997,0
43,1,236.09,0
92,7,852.12,0
39,76,50992.61,3
310,1,331.24,2
92,2,548.94,0
6,27,8727.61,3
196,3,437.69999999999993,2
87,2,758.9199999999998,0
270,3,855.0200000000001,2
8,4,454.33,0
65,3,1313.5500000000002,0
31,3,3166.4,0
22,7,1147.3700000000001,0
38,4,773.99,0
120,4,1340.7,0
86,3,243.69000000000005,0
40,3,1111.79,0
174,1,137.89999999999998,2
54,1,362.05999999999995,0
33,2,1511.9500000000003,0
145,1,783.9000000000001,2
221,1,134.8,2
45,1,664.85,0
4,10,2140.22,0
66,6,1459.8600000000001,0
269,1,-29.95,2
10,4,1153.62,0
260,1,335.32000000000005,2
365,1,372.09,2
17,5,1521.8700000000003,0
22,2,852.15,0
45,1,326.24,0
288,1,584.32,2
292,2,94.35,2
3,11,2173.5299999999997,0
284,1,79.2,2
17,3,1352.0000000000002,0
82,3,176.60000000000002,0
56,5,2806.8999999999996,0
101,2,1317.62,0
299,1,436.18,2
23,5,981.51,0
59,6,1119.31,0
155,2,315.06,2
99,5,779.36,0
107,1,17.0,0
12,6,1041.83,0
264,1,320.62,2
240,1,185.05,2
88,7,2005.63,0
50,3,731.8999999999997,0
9,3,1245.9599999999998,0
42,3,1842.14,0
7,6,1429.6399999999999,0
62,1,302.36,0
249,1,336.96,2
66,1,108.38,0
18,7,3204.16,0
85,2,816.1,0
219,2,611.8800000000001,2
45,3,1337.48,0
143,4,195.74,0
183,1,161.38,2
171,1,135.75000000000003,2
10,8,1667.97,0
206,2,592.8800000000001,2
190,1,232.21,2
8,2,423.36,0
59,5,1294.14,0
57,2,867.1099999999999,0
73,4,684.42,0
52,1,307.78000000000003,0
316,2,187.14999999999998,2
367,1,289.35,2
29,4,6287.77,0
39,1,656.25,0
18,5,1880.2199999999998,0
52,6,3506.540000000001,0
4,46,14305.66,3
22,3,603.6900000000002,0
263,1,517.5500000000001,2
60,3,709.3800000000002,0
368,1,-7.95,2
19,3,635.4100000000001,0
53,4,703.7700000000001,0
88,1,620.4,0
250,1,535.3399999999999,2
3,7,2419.8399999999997,0
247,1,175.2,2
9,18,3741.9799999999996,0
157,3,734.1299999999999,2
134,1,374.99999999999994,0
296,1,76.32000000000001,2
5,2,280.52000000000004,0
39,10,1906.07,0
269,1,1829.0399999999997,2
50,5,1824.23,0
9,13,3024.62,0
16,4,644.2399999999999,0
282,1,348.2000000000001,2
64,4,1009.4500000000004,0
2,26,5352.97,3
252,1,37.4,2
225,3,441.6000000000001,2
17,4,802.53,0
11,28,3770.6000000000004,3
8,4,1822.9700000000003,0
51,7,1880.42,0
59,1,73.2,0
95,5,1140.2100000000003,0
16,7,1406.5700000000002,0
126,3,1009.55,0
94,4,1037.5900000000001,0
50,1,331.95,0
138,1,197.9,0
61,1,215.83,0
100,10,10217.48,0
73,1,305.5400000000001,0
72,4,6617.65,0
67,1,338.7100000000001,0
64,7,1155.54,0
17,2,529.4100000000001,0
23,13,3991.9399999999996,0
32,17,6841.24,0
45,4,981.8599999999999,0
16,2,215.47999999999996,0
40,1,215.08,0
3,25,4913.320000000001,0
237,1,314.45000000000005,2
75,1,400.681,0
4,2,1080.62,0
3,5,1821.5200000000002,0
361,1,365.27,2
59,5,589.15,0
23,1,405.71,0
31,4,761.38,0
55,4,537.0600000000001,0
25,1,394.38,0
45,2,664.26,0
89,5,2262.6199999999994,0
2,18,21086.300000000003,3
81,2,542.77,0
19,3,681.19,0
79,1,159.0,0
171,3,1062.75,2
81,1,242.35000000000002,0
267,1,914.9299999999998,2
235,4,259.39,2
30,8,3054.87,0
37,3,864.86,0
318,1,846.72,2
57,4,1295.3,0
45,5,1096.3200000000002,0
203,3,255.12,2
219,2,308.32000000000005,2
87,2,1010.5999999999998,0
190,2,542.03,2
33,5,983.2299999999999,0
71,5,422.13,0
41,6,858.41,0
78,1,432.19999999999993,0
57,3,372.9,0
8,5,3693.8100000000004,0
10,13,2607.8700000000003,0
8,8,3598.26,0
34,2,409.1,0
212,2,1522.75,2
24,5,1352.3600000000001,0
170,1,114.56,2
62,1,152.94,0
53,5,1800.0700000000002,0
261,2,389.44,2
366,1,-295.09000000000003,2
32,3,3665.62,0
17,10,2609.3,0
258,2,732.6300000000002,2
177,1,46.95,2
45,5,5203.510000000001,0
51,1,1035.45,0
17,4,746.83,0
361,1,-31.65,2
9,11,5423.15,0
74,7,861.8899999999999,0
71,2,667.6500000000001,0
353,1,1141.2399999999996,2
3,6,1423.29,0
117,1,411.7,0
373,1,357.94999999999993,2
197,1,559.87,2
177,1,810.6000000000001,2
23,3,537.8299999999999,0
21,4,1496.6799999999998,0
72,1,2062.0600000000004,0
340,1,168.3,2
6,7,1531.51,0
31,2,823.97,0
170,1,142.5,2
117,2,280.90000000000003,0
9,12,2236.74,0
10,4,1328.5500000000004,0
213,4,275.4000000000001,2
23,3,598.1999999999999,0
108,2,212.82,0
26,4,5305.83,0
139,1,361.21999999999986,0
214,9,602.2700000000001,2
38,4,2560.0,0
92,3,686.67,0
18,2,616.26,0
3,2,274.15000000000003,0
331,1,226.37,2
64,12,2755.5599999999995,0
120,3,1341.65,0
35,1,328.15,0
218,1,404.40000000000003,2
172,2,1038.46,2
72,7,230.70000000000002,0
1,2,326.74999999999994,0
196,1,207.50000000000003,2
128,3,428.67999999999995,0
44,5,510.5400000000001,0
6,15,3085.96,0
14,6,3844.2200000000003,0
18,4,242.21,0
28,8,1583.1999999999998,0
8,22,26626.8,3
37,1,151.05,0
157,1,214.8,2
284,1,109.95000000000002,2
107,1,549.07,0
25,6,1959.38,0
75,4,322.41,0
16,2,370.47999999999996,0
158,1,101.10000000000001,2
44,1,575.4100000000001,0
11,2,887.6500000000001,0
32,7,1469.45,0
291,1,53.5,2
21,5,1100.4699999999998,0
333,1,153.9,2
18,2,494.44,0
4,23,6675.710000000001,0
63,2,395.8,0
198,4,210.32,2
33,3,658.88,0
1,5,2024.95,0
7,12,1460.37,0
5,8,3411.69,0
10,4,896.6600000000001,0
32,9,652.07,0
53,1,109.36000000000001,0
12,2,707.0399999999998,0
18,9,1540.42,0
19,1,327.3,0
37,2,804.49,0
2,2,497.42999999999995,0
18,3,1553.66,0
82,4,1320.56,0
33,2,367.92999999999995,0
66,2,473.03,0
9,3,977.52,0
267,1,676.2,2
247,3,362.9500000000001,2
4,5,2131.9000000000005,0
61,1,1780.59,0
75,2,668.3599999999998,0
90,2,584.5,0
60,3,555.89,0
29,2,317.2,0
323,1,94.36,2
53,5,1362.2699999999998,0
270,1,221.18999999999997,2
2,20,2941.05,0
50,9,1412.0600000000002,0
61,5,1486.9,0
145,4,1631.15,0
19,2,408.57,0
95,1,303.93,0
1,20,4061.24,0
265,2,299.6,2
302,2,161.04999999999998,2
70,1,443.05000000000007,0
302,2,167.25,2
19,1,163.07,0
13,10,2126.9300000000003,0
36,5,2028.88,0
19,2,214.64999999999998,0
54,1,151.83,0
57,1,262.2,0
22,2,126.25,0
44,1,210.34999999999997,0
27,4,1026.99,0
45,3,675.2700000000002,0
113,7,959.48,0
17,75,33805.69,3
25,1,346.12,0
191,2,82.56,2
302,1,302.69999999999993,2
2,10,1908.25,0
263,2,241.06,2
81,1,-2.95,0
106,1,284.55,0
57,1,300.85,0
213,3,642.8100000000001,2
64,1,287.4,0
28,1,184.26,0
29,7,1522.2500000000002,0
6,5,798.35,0
8,5,3640.6699999999996,0
67,2,381.2,0
2,3,616.79,0
46,5,638.7700000000001,0
34,1,230.51000000000002,0
1,3,2.8999999999941792,0
136,1,259.01,0
198,1,188.89000000000001,2
191,3,674.6900000000002,2
150,1,311.92,2
88,1,266.97,0
45,3,-8.15,0
64,7,1841.18,0
99,5,2158.3700000000003,0
218,1,208.35999999999999,2
3,18,3482.7400000000007,0
28,3,814.72,0
178,1,151.41999999999996,2
64,4,102.0,0
21,7,1383.6999999999998,0
20,3,1314.68,0
34,7,1603.46,0
74,1,74.9,0
24,4,650.4300000000001,0
52,5,757.44,0
275,1,223.95,2
165,4,314.86,2
7,11,1811.47,0
88,4,544.3,0
64,7,2494.46,0
25,3,331.0,0
10,2,300.83,0
76,1,769.29,0
16,1,220.62,0
192,1,139.35,2
174,3,379.4000000000001,2
77,1,363.65,0
33,4,492.20000000000005,0
47,1,731.5,0
73,6,1329.66,0
297,1,826.5299999999999,2
3,3,684.41,0
9,4,1562.22,0
50,6,2965.69,0
161,3,86.12,2
360,5,319.1,2
5,6,400.86,0
107,5,1421.4299999999998,0
25,1,484.38,0
32,1,777.6,0
20,2,90.30000000000001,0
297,1,363.70000000000005,2
372,1,248.10000000000002,2
22,3,950.26,0
5,4,874.5899999999999,0
52,5,1627.13,0
30,1,101.7,0
277,1,162.70000000000005,2
61,3,480.9200000000001,0
25,2,215.08,0
186,4,1036.62,2
2,28,9295.67,3
2,29,11895.57,3
172,1,290.35999999999996,2
81,1,228.06000000000003,0
4,1,244.41000000000003,0
190,1,455.25,2
22,7,1244.59,0
18,3,6748.8,0
19,5,1026.94,0
5,1,593.75,0
107,2,539.02,0
3,4,1388.81,0
54,1,119.62,0
165,1,339.3,2
291,3,-95.92999999999998,2
10,10,4154.639999999999,0
109,9,2266.25,0
96,3,922.12,0
243,2,379.73,2
163,14,5664.57,0
3,7,641.55,0
35,2,285.89,0
67,7,3313.79,0
24,2,281.84999999999997,0
1,24,8257.04,3
21,3,816.5100000000001,0
6,2,511.12,0
54,1,1077.74,0
364,1,173.7,2
15,6,614.01,0
194,2,865.6,2
3,1,124.2,0
9,15,3622.95,0
3,5,1285.2199999999998,0
127,4,999.7,0
74,4,648.41,0
71,1,451.43999999999994,0
365,1,-30.599999999999998,2
155,2,70.44,2
113,1,313.61999999999995,0
374,1,233.45000000000002,2
80,3,908.0299999999999,0
249,1,463.95,2
232,1,225.14999999999995,2
71,3,459.24,0
69,1,213.5,0
4,19,4073.2800000000007,0
51,3,330.03000000000003,0
75,1,181.09,0
61,1,360.15999999999997,0
16,2,250.14999999999998,0
4,1,90.04000000000002,0
277,2,140.70000000000002,2
4,6,813.5199999999999,0
41,1,244.79999999999995,0
31,2,494.73,0
75,2,482.47,0
18,16,3038.6699999999996,0
15,9,5450.960000000001,0
219,1,75.66,2
186,2,120.99,2
33,4,1187.6599999999999,0
70,1,618.5900000000001,0
183,1,506.19,2
15,2,500.42,0
236,1,151.85000000000002,2
31,6,2630.6400000000003,0
254,2,204.41,2
4,2,178.96,0
52,4,813.4800000000001,0
246,1,129.45,2
81,2,810.5699999999999,0
275,1,333.08,2
1,20,4379.65,0
79,1,322.80000000000007,0
30,6,2183.0400000000004,0
74,2,417.73,0
17,7,2878.1499999999996,0
223,2,217.9,2
32,5,1124.59,0
23,11,1676.47,0
25,4,1169.38,0
106,1,231.10000000000002,0
5,3,679.83,0
246,1,487.51,2
178,2,833.78,2
170,2,214.06,2
39,2,270.85999999999996,0
72,1,518.4200000000001,0
54,11,6654.26,0
16,3,1166.9200000000003,0
141,5,594.9699999999999,0
18,6,3794.52,0
22,21,8568.24,0
10,4,933.6199999999999,0
368,1,123.24,2
189,1,39.12,2
16,5,810.45,0
362,1,135.39999999999998,2
19,1,118.97999999999999,0
68,2,570.13,0
15,6,306.71999999999997,0
24,4,1370.87,0
17,17,4022.46,0
28,3,1692.27,0
2,23,8093.59,0
55,2,319.60999999999996,0
34,5,1558.72,0
3,17,3013.83,0
366,1,129.75,2
43,1,183.7,0
73,6,1770.3400000000001,0
5,5,1027.9999999999998,0
4,31,65892.08,3
61,2,324.24,0
47,9,3043.4799999999996,0
1,4,1260.86,0
76,3,303.26,0
44,3,208.62999999999997,0
256,2,1276.0,2
69,2,482.01,0
135,4,657.9000000000001,0
241,1,112.75000000000001,2
227,2,1998.0,2
9,17,5040.0,0
9,18,5150.27,0
1,29,13946.13,3
37,3,531.3499999999999,0
46,1,656.6300000000001,0
85,5,3029.8700000000003,0
19,10,2483.04,0
3,5,1651.03,0
9,11,3645.4300000000003,0
19,21,6840.2300000000005,0
219,4,911.53,2
78,1,301.71999999999997,0
267,3,319.8000000000001,2
9,9,3278.36,0
369,1,623.7500000000001,2
15,8,1773.92,0
26,1,155.24,0
262,1,292.46999999999997,2
17,16,4711.21,0
91,2,589.1499999999999,0
302,8,775.0700000000002,2
26,5,1382.02,0
364,1,272.81999999999994,2
46,4,1054.67,0
36,26,7076.28,3
52,4,702.79,0
32,1,603.7499999999999,0
52,3,650.51,0
79,7,2269.21,0
53,1,417.59999999999997,0
298,1,3.75,2
172,2,312.54999999999995,2
47,2,0.0,0
29,8,2191.84,0
11,7,1304.76,0
87,18,7170.7,0
5,19,6694.31,0
25,4,826.96,0
18,5,1515.8999999999999,0
45,5,623.9300000000001,0
31,1,1764.7199999999998,0
373,1,207.5,2
58,1,223.92,0
372,1,2002.4,2
114,5,1484.63,0
215,1,239.40000000000003,2
319,1,106.83,2
65,1,369.34000000000003,0
8,4,772.84,0
97,1,316.62,0
20,3,1501.3799999999999,0
185,2,594.9,2
4,18,2758.25,0
294,1,34.0,2
273,2,1145.5999999999997,2
31,11,5580.599999999999,0
48,5,458.03999999999996,0
260,1,380.39,2
58,6,744.9000000000001,0
33,5,2246.8100000000004,0
57,1,171.59,0
68,5,654.9200000000001,0
10,11,1695.6599999999999,0
60,1,388.2800000000001,0
80,2,226.35000000000002,0
74,2,245.94,0
2,28,10454.05,3
100,2,425.19,0
365,2,294.65000000000003,2
10,19,2242.25,0
20,1,107.6,0
123,2,597.4799999999999,0
8,1,80.8,0
4,8,1520.12,0
29,8,1706.28,0
282,2,110.38000000000001,2
57,1,243.84,0
1,12,1201.5099999999998,0
365,1,414.87999999999994,2
89,1,305.61999999999995,0
11,1,1201.4899999999998,0
163,5,867.83,2
65,1,332.3,0
23,3,536.99,0
174,2,460.5899999999999,2
103,4,801.4900000000001,0
143,3,1121.59,0
99,2,288.42,0
23,6,912.7399999999999,0
192,2,275.64,2
5,2,547.0699999999999,0
361,1,479.3500000000001,2
8,10,1692.98,0
14,22,6500.6,0
103,4,417.06000000000006,0
3,13,1446.95,0
11,13,3317.9700000000003,0
96,1,497.61,0
227,1,358.37999999999994,2
16,2,460.64,0
39,2,775.1800000000001,0
51,1,341.70000000000005,0
93,2,128.5,0
157,1,197.22,2
39,1,325.90999999999997,0
184,3,199.15,2
1,4,1106.53,0
228,1,413.46000000000004,2
128,2,180.85000000000002,0
40,2,251.87,0
31,12,3167.7299999999996,0
197,3,582.9000000000001,2
9,39,15357.78,3
37,7,1774.62,0
64,4,1260.44,0
43,17,10183.82,0
50,1,214.32000000000002,0
43,1,193.44,0
53,1,281.42,0
187,1,124.57,2
334,1,332.41,2
4,3,342.45000000000005,0
10,2,144.91,0
24,2,328.40000000000003,0
15,1,35.400000000000006,0
366,2,345.8900000000001,2
106,5,473.14,0
60,3,151.65,0
29,4,481.34999999999997,0
141,3,207.73999999999998,0
23,5,805.62,0
22,7,2761.49,0
77,3,680.02,0
5,10,7066.3099999999995,0
64,9,2023.47,0
12,6,853.7199999999999,0
25,2,0.0,0
31,7,1519.0800000000002,0
67,1,432.0,0
67,3,705.12,0
187,2,276.72999999999996,2
38,2,429.84000000000003,0
15,3,471.51,0
35,1,194.88000000000002,0
195,3,1578.67,2
2,5,809.7,0
1,7,496.8400000000001,0
367,1,145.93,2
65,1,219.14000000000001,0
299,3,213.03000000000003,2
26,4,444.46,0
8,6,1281.56,0
12,5,187.69,0
116,1,1706.88,0
29,1,373.24,0
4,16,3754.27,0
5,8,3085.4800000000005,0
82,4,579.7700000000003,0
29,5,981.65,0
64,2,364.14,0
4,8,1510.06,0
23,14,2528.67,0
290,1,113.44,2
36,1,208.45999999999995,0
9,6,621.6800000000001,0
24,2,576.2600000000001,0
277,1,391.52000000000004,2
50,7,1043.3400000000001,0
156,11,2596.4500000000003,0
61,1,169.79000000000002,0
12,26,6666.83,3
21,4,739.5,0
371,1,230.25000000000003,2
116,3,543.0500000000001,0
80,19,2781.5,0
4,7,1295.3899999999999,0
26,3,380.54999999999995,0
5,21,4604.219999999999,0
53,1,161.93999999999997,0
1,5,530.08,0
55,2,950.9300000000001,0
26,1,262.68,0
9,5,1903.13,0
52,3,3049.88,0
13,10,1894.11,0
212,3,816.7299999999999,2
22,19,4345.5,0
236,1,406.48,2
139,3,435.02000000000004,0
4,7,1161.2700000000002,0
57,3,1178.56,0
123,4,1262.7500000000002,0
109,2,167.60999999999999,0
30,1,20.8,0
1,9,2085.08,0
185,5,493.66999999999996,2
9,2,292.34000000000003,0
239,2,416.64,2
87,1,117.35000000000001,0
39,3,507.05,0
116,1,234.17000000000002,0
187,1,110.55000000000001,2
227,1,201.18999999999994,2
8,10,2148.4700000000003,0
189,1,319.02,2
4,2,439.43,0
39,3,650.4100000000001,0
3,2,232.20999999999998,0
267,1,251.51999999999998,2
78,1,344.3299999999999,0
4,8,1809.05,0
255,2,1078.9600000000003,2
61,1,384.06,0
13,8,1920.2,0
78,5,4392.42,0
17,11,5461.619999999999,0
30,2,1873.2,0
3,7,1625.0500000000002,0
5,1,126.12,0
7,6,1133.25,0
219,1,179.0,2
11,6,1601.8599999999997,0
372,1,-1.25,2
30,9,1427.4600000000003,0
288,3,702.0,2
150,6,287.02,2
23,2,484.82,0
1,11,3989.5699999999997,0
73,4,1487.7800000000002,0
46,2,1412.9400000000003,0
5,4,781.78,0
51,7,877.43,0
17,2,185.46,0
30,1,270.9,0
8,4,565.58,0
29,3,1842.56,0
3,27,8574.11,3
41,2,920.1,0
11,4,1272.6100000000001,0
31,1,71.0,0
45,3,95.85,0
61,3,357.77,0
185,2,154.82999999999998,2
79,7,848.59,0
111,2,716.0,0
64,1,146.87000000000003,0
12,2,380.35,0
86,3,1030.14,0
16,4,734.5699999999999,0
246,3,388.33,2
78,2,1253.2199999999998,0
30,1,112.40000000000002,0
138,1,449.72999999999996,0
27,4,1065.77,0
3,5,1044.38,0
32,4,1735.18,0
9,3,897.43,0
113,3,339.43999999999994,0
157,1,642.0199999999999,2
85,3,1100.8999999999999,0
115,6,864.32,0
3,11,5594.780000000001,0
96,6,3228.8399999999997,0
194,1,247.14,2
28,1,413.74999999999994,0
129,2,496.37999999999994,0
28,6,1353.8300000000002,0
82,3,1179.8899999999999,0
30,5,3095.04,0
266,1,234.24,2
74,12,5116.129999999999,0
314,5,534.47,2
9,11,1421.59,0
59,3,859.35,0
143,1,-112.35,2
12,22,4531.34,0
28,13,2655.2200000000003,0
114,1,312.14,0
9,14,2385.48,0
18,4,1446.0900000000001,0
18,5,813.7700000000001,0
36,3,841.0799999999999,0
36,2,378.20000000000005,0
78,1,118.80000000000001,0
22,3,285.5,0
25,2,290.15999999999997,0
33,2,2003.85,0
109,3,1405.78,0
35,2,2949.75,0
123,6,1555.0500000000002,0
7,6,2050.08,0
28,4,1991.0100000000002,0
4,8,2041.85,0
3,10,3802.8100000000004,0
50,4,1777.7800000000002,0
318,2,270.19999999999993,2
22,6,1088.1999999999998,0
9,7,992.68,0
2,9,937.92,0
18,2,971.74,0
10,4,1621.73,0
262,1,25.5,2
159,2,665.7799999999999,2
33,7,10380.43,0
29,8,869.6800000000001,0
165,1,163.3,2
47,1,248.60999999999996,0
6,10,747.22,0
8,5,806.8999999999999,0
288,1,116.19999999999999,2
318,1,157.02,2
3,3,593.6099999999999,0
233,1,307.46000000000004,2
119,1,138.32,0
162,1,345.29999999999995,2
185,1,298.89,2
50,1,259.35,0
152,7,991.8499999999999,2
335,1,157.08999999999997,2
5,5,2463.17,0
16,7,4892.240000000001,0
107,2,425.0,0
16,7,1139.73,0
276,1,380.5,2
16,15,10585.57,0
247,1,465.32,2
239,1,578.9999999999999,2
1,2,984.5699999999999,0
106,3,749.78,0
23,6,1679.64,0
52,1,124.88,0
195,4,1503.5,2
24,1,213.77999999999997,0
75,1,329.34,0
18,2,251.69999999999993,0
8,3,306.54999999999995,0
32,3,1266.97,0
22,4,1534.73,0
31,6,3518.0299999999997,0
29,11,1707.21,0
22,2,293.1,0
33,8,2466.4,0
284,1,158.68,2
39,3,189.48999999999998,0
50,4,816.88,0
289,1,224.91,2
75,2,313.26,0
5,9,3755.6499999999996,0
218,1,59.9,2
44,5,1430.94,0
202,1,306.13,2
178,3,711.79,2
56,6,780.38,0
57,2,239.91999999999996,0
8,8,3286.91,0
47,2,144.0,0
227,1,203.95,2
11,9,2275.58,0
106,2,384.40000000000003,0
59,3,249.74,0
28,7,2095.13,0
36,9,1674.46,0
274,2,262.62,2
30,1,1013.01,0
24,3,692.2199999999999,0
54,1,342.63,0
36,6,3563.8499999999995,0
169,9,1352.9100000000003,2
54,1,384.08,0
53,1,204.24,0
27,9,2299.67,0
253,1,226.85,2
40,11,2741.08,0
60,7,984.1200000000001,0
234,1,113.49999999999999,2
4,10,1960.7199999999998,0
32,1,114.23,0
24,14,3198.25,0
7,2,335.13000000000005,0
65,1,354.15,0
310,2,426.79,2
309,1,393.48999999999995,2
19,6,939.3199999999999,0
16,8,1906.09,0
96,2,318.76000000000005,0
264,11,3466.67,2
12,14,3127.82,0
3,2,421.52,0
35,1,190.88,0
183,1,149.89,2
25,2,550.0600000000002,0
13,6,916.1300000000001,0
11,2,314.69,0
3,17,3744.65,0
313,2,379.95000000000005,2
108,2,1135.04,0
1,30,8628.550000000001,3
53,1,954.9,0
205,1,171.45,2
15,1,282.19,0
120,1,318.65000000000003,0
4,2,384.52,0
363,1,283.28,2
117,2,353.85999999999996,0
18,1,178.26,0
5,2,272.44,0
41,2,298.41,0
107,2,240.0,0
148,2,603.37,2
52,5,1253.3600000000001,0
208,1,63.440000000000005,2
139,2,562.9000000000002,0
2,3,310.64,0
127,2,317.61999999999995,0
108,4,763.64,0
42,5,2144.53,0
35,1,111.98000000000002,0
228,2,1065.3500000000001,2
241,1,246.04000000000002,2
58,1,187.82999999999998,0
130,3,1703.4100000000003,0
60,7,1641.68,0
22,1,153.92000000000002,0
26,7,1064.1100000000001,0
9,7,1419.73,0
32,4,936.1600000000001,0
4,2,525.24,0
308,1,550.8000000000001,2
8,9,1875.1100000000001,0
29,3,556.95,0
17,1,131.78,0
101,2,498.42,0
12,4,669.1099999999999,0
21,1,197.63000000000002,0
15,6,1119.9299999999998,0
361,1,250.03999999999996,2
11,21,8600.730000000001,0
365,1,-152.64000000000001,2
95,1,82.75,0
78,2,1384.85,0
139,3,644.3,0
18,2,2288.13,0
25,11,2514.76,0
1,43,6204.459999999999,3
46,5,2524.0200000000004,0
100,3,1200.6200000000001,0
8,2,700.8599999999999,0
15,9,908.9899999999999,0
18,4,990.2299999999999,0
280,1,96.8,2
14,2,523.11,0
23,2,363.9,0
124,1,175.2,0
86,1,494.25,0
301,3,306.6,2
151,7,1944.3199999999997,0
17,10,6612.18,0
94,2,243.36,0
9,16,11891.18,0
157,3,781.3599999999999,2
355,1,193.64,2
46,1,160.57000000000002,0
15,4,537.7400000000001,0
4,16,2611.58,0
86,1,228.96,0
15,5,1159.5199999999998,0
179,1,110.75,2
8,5,1256.19,0
36,3,587.15,0
129,2,1740.0,0
51,1,1393.06,0
312,1,178.21999999999997,2
24,2,388.13999999999993,0
303,2,365.84999999999997,2
11,1,127.85999999999999,0
17,3,585.7900000000001,0
49,3,488.20000000000005,0
239,2,312.22999999999996,2
1,12,4455.73,0
13,8,4801.5599999999995,0
238,1,168.39999999999998,2
23,9,1349.52,0
73,4,446.17999999999995,0
17,3,423.88999999999993,0
41,8,1342.68,0
40,4,646.9200000000001,0
219,2,495.7699999999999,2
190,4,372.49999999999994,2
71,2,203.2,0
24,21,3925.92,0
11,1,404.66,0
9,30,20272.43,3
65,1,65.4,0
4,1,199.28999999999996,0
19,2,336.4,0
15,1,261.11,0
8,6,2686.4200000000005,0
20,2,784.1099999999999,0
78,4,1259.5600000000002,0
1,43,31300.079999999998,3
164,2,508.8,2
307,2,457.90999999999997,2
219,1,203.86999999999995,2
39,8,7330.8,0
22,2,696.4100000000001,0
115,3,653.38,0
126,5,2129.96,0
5,13,2633.8499999999995,0
36,1,281.62,0
4,18,30300.82,3
1,5,967.2199999999998,0
330,5,1928.72,2
163,1,32.65,2
185,2,771.8499999999999,2
16,5,1214.72,0
12,4,748.94,0
3,7,1258.0600000000002,0
44,2,778.0,0
80,1,507.8399999999999,0
30,9,6838.34,0
42,2,463.46,0
11,14,4200.97,0
50,3,598.83,0
16,10,1853.1299999999997,0
45,4,663.63,0
19,2,759.1700000000001,0
4,7,5022.26,0
72,1,100.8,0
1,33,17078.449999999997,3
121,4,512.12,0
33,2,265.76000000000005,0
313,1,403.3,2
18,2,365.76,0
88,1,303.15999999999997,0
2,9,2333.42,0
2,2,216.3,0
247,2,378.30000000000007,2
148,5,177.1,2
29,10,2210.2599999999998,0
220,1,534.24,2
148,3,2940.04,2
177,2,120.90000000000002,2
40,2,541.53,0
145,1,-4287.63,2
2,8,2504.86,0
8,55,187482.17,1
1,10,1648.95,0
18,2,486.71999999999997,0
192,4,517.53,2
204,1,131.7,2
365,1,249.86,2
127,5,1737.7,0
15,1,316.49999999999994,0
43,2,657.3,0
79,8,452.63000000000005,0
23,3,757.4599999999999,0
51,3,662.9399999999999,0
16,6,1881.3600000000001,0
158,1,289.96000000000004,2
10,2,763.28,0
10,2,137.0,0
16,6,1843.06,0
45,5,1125.0700000000002,0
191,3,710.29,2
79,1,194.36999999999995,0
74,2,506.51,0
4,5,1249.3400000000001,0
65,3,414.04,0
261,1,396.87,2
59,2,376.63999999999993,0
1,11,1926.88,0
1,11,3541.920000000001,0
248,1,374.57,2
8,2,497.56000000000006,0
359,1,271.05,2
76,1,272.22,0
290,1,622.88,2
17,3,1138.0,0
221,2,288.59999999999997,2
9,4,689.0999999999999,0
3,2,558.9599999999999,0
206,10,2745.2799999999997,2
162,2,1145.84,2
70,2,294.29,0
262,2,605.58,2
281,1,387.31,2
58,11,6100.74,0
25,1,308.48,0
3,46,88125.38,3
29,11,2920.04,0
72,1,513.2,0
128,1,208.65,0
31,4,639.02,0
15,5,768.08,0
309,1,153.94,2
17,7,1839.07,0
54,1,546.81,0
24,4,721.96,0
2,5,1070.71,0
11,4,652.74,0
361,1,145.0,2
360,1,422.7,2
1,8,706.7,0
54,6,888.86,0
1,11,3540.0999999999995,0
1,10,2385.0,0
121,2,293.45,0
54,1,223.36,0
280,1,164.39999999999998,2
177,1,76.5,2
30,2,897.62,0
26,1,98.42,0
9,3,570.4,0
270,1,170.75,2
43,3,645.96,0
372,1,-11.8,2
218,3,-141.48,2
24,2,148.86,0
197,3,267.1600000000001,2
359,1,306.84000000000003,2
43,6,909.9599999999999,0
130,1,1487.6,0
1,5,1952.4499999999998,0
20,2,483.26,0
206,1,157.9,2
14,3,541.4599999999999,0
95,5,854.9500000000002,0
19,1,167.61999999999998,0
14,8,1107.3799999999999,0
24,3,454.01,0
8,2,901.2099999999999,0
7,10,4012.56,0
332,1,344.13999999999993,2
50,4,1498.51,0
71,4,226.75,0
29,4,362.90000000000003,0
243,1,185.64999999999998,2
8,22,3457.78,0
191,2,124.73999999999998,2
5,4,440.2,0
253,3,215.71999999999997,2
1,31,10736.11,3
236,1,175.27,2
7,3,1227.3000000000004,0
109,4,1133.07,0
100,3,1240.2,0
60,4,2404.17,0
2,3,1479.22,0
73,8,2215.0200000000004,0
4,6,3911.5600000000004,0
85,2,993.1800000000001,0
12,2,388.78999999999996,0
23,7,2827.9300000000003,0
214,1,2044.37,2
18,1,161.67000000000002,0
239,1,116.00999999999999,2
2,8,5050.77,0
50,5,-1165.2999999999997,0
217,2,309.35999999999996,2
33,2,193.42000000000002,0
41,6,1103.9199999999998,0
4,19,3947.8700000000003,0
53,10,1992.7599999999998,0
23,17,4509.370000000001,0
57,1,390.07000000000005,0
130,3,329.6000000000001,0
174,3,571.2,2
6,3,971.5800000000002,0
312,1,218.51999999999995,2
60,1,81.44,0
21,4,1336.1,0
33,1,527.0500000000001,0
15,2,843.48,0
18,4,2047.0,0
81,1,75.75000000000001,0
6,9,1784.12,0
170,2,503.59999999999997,2
2,3,528.3300000000002,0
31,6,1242.3400000000001,0
36,9,2361.9700000000003,0
9,2,265.93,0
31,2,547.0600000000001,0
276,1,108.5,2
87,1,621.6600000000001,0
120,2,712.29,0
373,1,101.55,2
1,17,2768.9799999999996,0
219,4,995.66,2
65,1,133.06,0
61,5,1789.5500000000002,0
135,2,861.74,0
21,1,166.07999999999998,0
12,14,3886.67,0
25,18,4737.13,0
29,5,1175.88,0
277,1,117.55000000000001,2
11,8,2571.7400000000007,0
73,5,1674.6900000000003,0
11,3,485.87999999999994,0
4,14,2954.75,0
141,1,196.0,2
26,9,1788.2700000000004,0
19,2,604.64,0
4,2,728.1599999999999,0
66,5,2055.51,0
1,2,347.75,0
43,7,3406.72,0
228,1,205.7,2
16,6,1284.0800000000002,0
44,4,3106.62,0
1,7,1622.2199999999998,0
74,2,551.0400000000001,0
1,41,20098.1,3
4,7,1383.2700000000002,0
2,43,16219.220000000001,3
264,1,298.11,2
53,2,1992.1100000000001,0
24,1,184.39999999999998,0
10,7,2459.3299999999995,0
44,1,239.41,0
17,7,3191.53,0
7,7,5739.460000000001,0
30,16,4748.45,0
358,2,290.4,2
127,5,733.4399999999998,0
136,3,187.01999999999998,0
142,1,283.12,2
132,2,765.3400000000001,0
38,14,2201.05,0
236,1,338.95000000000005,2
261,1,154.95,2
17,6,2508.89,0
253,1,417.95000000000005,2
30,6,1719.7200000000003,0
35,3,798.74,0
169,2,885.1899999999999,2
3,10,1781.12,0
4,22,10097.37,0
185,2,152.39999999999998,2
188,2,267.08000000000004,2
170,1,137.45,2
11,2,385.1,0
45,1,522.91,0
321,1,153.0,2
201,1,326.4,2
23,12,5505.79,0
232,1,139.35,2
38,18,5367.8,0
26,4,1195.94,0
96,6,2380.6400000000003,0
127,6,3276.4,0
58,4,995.65,0
16,14,3371.13,0
9,2,1042.55,0
4,5,2515.6800000000003,0
3,15,5288.83,0
79,5,878.2000000000002,0
373,1,303.96999999999997,2
39,2,692.1899999999999,0
54,3,700.63,0
2,19,13110.02,0
9,4,337.49,0
9,2,168.24,0
19,5,1863.35,0
12,8,2786.0499999999997,0
113,2,355.11,0
4,7,2291.08,0
235,2,98.80000000000001,2
100,2,64.65,0
178,2,674.52,2
5,9,1797.5700000000002,0
359,1,80.64,2
1,6,1739.9199999999998,0
1,31,5585.49,3
19,8,3456.7,0
17,3,834.99,0
22,2,287.59000000000003,0
33,1,712.78,0
263,1,15.0,2
51,2,818.82,0
159,3,371.88,2
15,1,271.20000000000005,0
8,3,2273.18,0
13,12,3960.63,0
199,5,1143.2699999999998,2
57,2,245.81000000000003,0
11,2,182.76999999999998,0
97,5,1215.46,0
255,1,56.4,2
25,3,665.8600000000001,0
21,5,642.17,0
159,2,188.01999999999998,2
72,2,283.4699999999999,0
53,1,131.94,0
85,2,278.74,0
153,4,1865.19,2
74,2,1117.9,0
281,1,225.9,2
27,14,1965.5500000000002,0
30,1,106.1,0
25,1,323.04,0
180,2,350.38999999999993,2
40,4,697.9000000000001,0
22,3,780.4300000000002,0
22,11,3026.08,0
37,9,1199.01,0
82,4,1251.8400000000001,0
74,1,512.31,0
11,1,546.04,0
16,15,4627.62,0
4,51,7677.709999999999,3
13,4,732.1599999999999,0
14,7,1714.6,0
37,4,36.559999999999995,0
4,3,387.68,0
72,8,3661.0699999999997,0
191,2,-24.049999999999997,2
51,1,298.4,0
5,5,1995.46,0
9,9,1599.9700000000003,0
299,1,889.24,2
2,3,398.69999999999993,0
33,1,35.400000000000006,0
50,1,155.37000000000003,0
3,3,350.63999999999993,0
47,1,110.21,0
42,10,1560.5300000000002,0
27,6,2312.7000000000003,0
42,1,338.79999999999995,0
2,169,40340.78,3
303,1,205.48000000000002,2
107,1,51.56,0
85,1,2033.1,0
81,9,901.2,0
218,4,605.8000000000001,2
302,35,5288.630000000001,3
12,2,114.34,0
185,2,311.26,2
373,1,208.97,2
2,6,1393.79,0
3,25,26763.34,3
6,12,5155.66,0
305,1,148.21,2
369,1,252.8,2
3,9,2059.2,0
324,1,330.9,2
59,6,3160.0,0
13,3,597.5,0
31,27,10158.54,3
143,2,325.7,2
30,8,622.7500000000002,0
107,5,428.18,0
2,13,1889.4,0
205,1,155.90000000000003,2
80,6,1764.3600000000004,0
185,7,658.2600000000001,2
170,1,237.61,2
44,1,379.45,0
174,1,178.51999999999998,2
365,1,458.91999999999996,2
304,1,133.35000000000002,2
3,4,671.77,0
4,4,717.45,0
12,1,190.19,0
32,3,899.6099999999999,0
129,1,111.35,0
19,10,525.78,0
212,2,203.87,2
323,2,602.0900000000001,2
162,1,203.85999999999996,2
56,3,244.10000000000002,0
225,1,112.25,2
72,8,1119.81,0
44,1,98.0,0
23,1,256.32,0
173,4,541.1,2
85,2,152.06,0
159,1,155.79999999999998,2
165,4,15.0,2
29,1,110.38,0
21,2,178.91999999999993,0
71,4,800.24,0
247,1,72.9,2
374,1,243.27999999999997,2
9,1,366.23,0
310,6,295.61,2
59,2,411.59999999999997,0
4,1,336.43,0
45,3,341.28000000000003,0
88,1,1304.0400000000002,0
4,17,4204.1,0
64,4,826.52,0
282,1,207.50000000000003,2
1,13,2894.33,0
373,1,244.08,2
133,2,397.29,0
45,2,212.54000000000002,0
11,5,834.5,0
36,5,1740.4799999999998,0
134,2,408.36,0
29,3,1331.57,0
52,2,704.25,0
138,2,145.79000000000002,0
5,1,389.84,0
9,7,4301.22,0
160,1,99.14000000000001,2
49,14,1983.5800000000004,0
131,1,304.56,0
8,1,77.50000000000001,0
233,2,149.58,2
37,1,176.67999999999998,0
147,1,358.56000000000006,2
1,52,52750.840000000004,3
72,4,472.12,0
40,4,990.8400000000003,0
5,16,2295.37,0
199,4,557.3,2
249,1,12.75,2
66,1,111.67999999999999,0
117,1,508.4599999999999,0
171,1,73.78,2
21,39,1296.44,3
142,1,102.83,2
32,2,471.69999999999993,0
38,14,2622.57,0
38,5,1098.4299999999998,0
372,1,123.07,2
374,1,277.35,2
166,2,228.20000000000002,2
211,1,582.59,2
242,1,136.04,2
52,1,337.03999999999996,0
25,3,740.79,0
15,14,4393.610000000001,0
372,1,353.19000000000005,2
29,1,288.14,0
365,1,300.91999999999996,2
36,5,737.81,0
166,3,811.45,2
145,1,152.68,2
22,1,634.9499999999999,0
56,1,20.8,0
185,1,198.57,2
12,8,191.17,0
237,3,630.84,2
225,2,93.35,2
122,6,629.69,0
282,1,76.1,2
74,12,1511.3000000000002,0
37,2,382.06000000000006,0
12,2,417.22999999999996,0
362,1,169.47,2
4,2,249.71999999999997,0
23,1,444.68,0
70,9,2116.19,0
235,2,252.23999999999998,2
257,1,174.79999999999998,2
373,1,102.79,2
155,2,187.29,2
28,1,166.42,0
4,1,120.03000000000002,0
32,5,1483.56,0
81,3,523.0,0
108,2,122.14,0
52,1,38.45,0
36,1,668.1099999999999,0
153,3,236.77999999999997,2
99,1,115.30999999999999,0
4,3,220.7,0
334,1,73.5,2
65,1,97.97000000000001,0
22,2,422.87999999999994,0
36,3,730.4000000000002,0
32,3,405.62,0
154,6,70.02,2
19,2,357.2,0
12,22,4161.14,0
54,1,165.04999999999998,0
25,3,559.51,0
4,11,2085.65,0
45,1,189.39999999999998,0
203,2,172.29000000000002,2
359,1,74.4,2
66,2,297.0700000000001,0
7,11,6752.139999999999,0
288,1,363.65,2
10,1,170.16,0
9,4,296.71,0
22,10,2119.41,0
173,3,720.5200000000001,2
133,2,814.0,0
6,15,2380.08,0
75,1,318.0,0
40,1,396.33000000000004,0
289,1,101.69999999999999,2
26,7,2021.82,0
258,2,453.0,2
155,2,8.881784197001252e-15,2
114,13,3864.4399999999996,0
374,1,489.6,2
23,14,2538.7200000000003,0
8,11,2633.01,0
217,2,336.13,2
45,4,3651.9699999999993,0
19,2,1231.5,0
36,3,343.45,0
26,1,703.37,0
16,2,87.52999999999999,0
330,2,689.9499999999999,2
274,1,101.33999999999999,2
98,4,3770.12,0
61,1,167.66999999999996,0
2,12,9065.76,0
93,5,2083.4199999999996,0
82,7,3017.3,0
313,2,580.05,2
12,3,911.1500000000001,0
8,7,2692.85,0
127,1,168.31,0
11,2,223.64999999999998,0
1,62,256438.49,1
37,1,754.6400000000001,0
38,1,113.48000000000002,0
330,1,430.7,2
249,2,264.65,2
2,31,7925.320000000001,3
19,2,206.05,0
12,2,352.69000000000005,0
369,1,76.32000000000001,2
290,1,220.1,2
68,8,1418.03,0
26,1,320.71999999999997,0
11,31,5595.77,3
368,1,181.11999999999995,2
214,1,111.14999999999999,2
149,2,673.1,2
8,6,1826.21,0
24,2,589.44,0
30,5,1141.34,0
61,1,206.83,0
19,3,348.73,0
243,1,112.55,2
9,4,1045.7399999999998,0
211,2,715.4999999999999,2
29,5,681.9100000000001,0
63,4,761.8299999999998,0
295,1,152.65,2
17,8,8393.220000000001,0
361,1,-35.400000000000006,2
151,4,1014.9,2
117,2,1000.1600000000001,0
8,12,2888.7500000000005,0
13,4,2861.55,0
141,2,160.35,0
46,2,179.33999999999997,0
51,3,612.0799999999999,0
32,3,566.5800000000002,0
135,2,653.3499999999999,0
3,2,399.18999999999994,0
75,4,347.82,0
13,2,734.94,0
9,3,451.75,0
301,1,530.1500000000001,2
57,2,638.0600000000002,0
10,6,1612.79,0
31,2,394.7,0
177,1,302.46000000000004,2
4,6,1355.51,0
176,9,1133.64,2
61,1,202.65,0
33,3,980.3100000000001,0
59,7,1208.5100000000002,0
15,25,7490.17,3
87,4,2106.8400000000006,0
7,1,104.0,0
354,2,448.65,2
31,7,1314.17,0
114,6,1573.4099999999999,0
9,6,1793.1700000000003,0
5,6,1843.7500000000005,0
24,1,382.7999999999999,0
218,6,600.5200000000001,2
15,1,49.8,0
249,1,304.25,2
15,4,1998.49,0
78,3,1084.3400000000001,0
192,3,274.51,2
262,1,207.79999999999998,2
72,1,957.9699999999999,0
151,3,212.95999999999998,2
64,2,895.9999999999999,0
95,2,689.1300000000001,0
4,21,5083.060000000001,0
106,1,163.8,0
200,3,1396.9900000000002,2
157,1,160.42000000000002,2
71,4,1979.3000000000002,0
36,2,517.3599999999999,0
29,1,139.10000000000002,0
2,6,2621.38,0
26,5,600.07,0
326,1,248.42,2
237,1,232.48000000000002,2
89,1,299.34,0
31,1,481.74999999999994,0
29,2,621.7500000000001,0
206,4,626.38,2
3,11,2019.77,0
220,2,297.78000000000003,2
22,6,1033.3100000000002,0
93,1,443.0,0
2,27,6315.2300000000005,3
264,1,158.95000000000002,2
3,17,5361.0199999999995,0
39,14,5192.1,0
218,1,93.75,2
50,3,769.2,0
12,20,7276.9,0
9,10,2716.6,0
192,6,2066.17,2
82,5,582.47,0
326,1,440.0,2
72,3,1796.4800000000002,0
30,6,882.24,0
3,5,987.1000000000001,0
219,5,1561.6100000000001,2
46,1,422.58000000000004,0
10,18,2058.09,0
72,4,2232.4900000000002,0
7,8,2507.56,0
24,2,596.0999999999999,0
114,4,783.02,0
17,1,95.34,0
301,2,342.92,2
87,1,4314.72,0
51,2,526.6700000000001,0
89,1,103.3,0
355,1,-50.1,2
39,12,2265.3800000000006,0
25,3,2338.6000000000004,0
173,8,2595.0,2
43,2,324.24,0
140,1,149.48,0
23,4,1211.08,0
72,2,801.5100000000001,0
134,2,0.0,0
358,2,138.9,2
38,3,238.95000000000005,0
3,7,3064.78,0
2,3,204.0,0
18,2,-1.7763568394002505e-15,0
21,3,323.36,0
58,2,97.63000000000001,0
74,1,173.89999999999998,0
278,1,180.6,2
181,1,80.82,2
8,3,176.6,0
4,16,2094.88,0
43,3,1837.2800000000002,0
